# -*- coding: utf-8 -*-

# Resource object code
#
# Created by: The Resource Compiler for PyQt5 (Qt v5.15.2)
#
# WARNING! All changes made in this file will be lost!

from PyQt5 import QtCore

qt_resource_data = b"\
\x00\x00\x07\x96\
\x89\
\x50\x4e\x47\x0d\x0a\x1a\x0a\x00\x00\x00\x0d\x49\x48\x44\x52\x00\
\x00\x00\x80\x00\x00\x00\x80\x08\x06\x00\x00\x00\xc3\x3e\x61\xcb\
\x00\x00\x00\x01\x73\x52\x47\x42\x00\xae\xce\x1c\xe9\x00\x00\x07\
\x50\x49\x44\x41\x54\x78\x5e\xed\x9d\x31\x6f\x1c\x45\x14\xc7\xdf\
\x9e\xfd\x05\x42\x03\x12\x91\xb2\x56\x7a\x68\x88\xa0\x41\x39\x4b\
\x71\x92\x3e\x14\x44\xc2\x22\x29\xa1\x89\x13\x9c\x8a\x06\x17\x54\
\x31\x17\xa7\x81\xd6\xc8\x48\xa1\x20\x7d\xe2\x8b\x14\x4b\x34\xa0\
\xd0\x40\x1f\xb1\x48\x41\x4a\x1a\xfc\x05\xcc\x2d\x7a\x8b\xd7\x1e\
\x8f\x77\x6f\xde\xec\xce\xee\xdd\xcc\xfc\x57\x4a\x91\xbb\xb7\x73\
\xf3\xde\xff\x77\x6f\xde\xbc\xb9\x3b\x27\x84\x2b\xea\x08\x24\x51\
\x7b\x0f\xe7\x09\x00\x44\x0e\x01\x00\x00\x00\x91\x47\x20\x72\xf7\
\x91\x01\x00\x40\xe4\x11\x88\xdc\x7d\x64\x00\x00\x10\x79\x04\x22\
\x77\x3f\xfa\x0c\x90\xde\x59\xb9\x71\xc8\xc0\xc5\xa9\x2c\x4c\x16\
\x36\xb2\xad\xc7\x59\x68\xbc\x44\x03\x40\xba\x7e\x69\x48\x93\x24\
\x25\xa2\x52\xe8\x21\x11\xf1\xff\x65\xd7\x20\x5f\xce\x36\x9f\xee\
\xc9\x8c\xfd\xb1\x0a\x0e\x80\x74\xed\x6a\x4a\x83\x7f\x87\x44\x2c\
\x76\x7e\x8e\x88\xec\x84\xae\xd3\x0e\x00\xcc\x1f\xd5\x5a\xfa\x76\
\x23\x34\x00\xf0\x42\x68\x9e\xa4\x3c\x7d\xbb\x70\x09\x19\xc0\x45\
\x14\xa7\x8f\xd1\x7a\x9d\xee\x72\x8a\x00\xc0\x5d\x74\x3b\x5b\xa7\
\xdd\x4d\xf1\xf4\x48\x00\xa0\x59\x74\x7b\x5d\xa7\x9b\x4d\x51\x76\
\x17\x00\x30\xa4\xef\x93\xfb\x69\x2e\xc8\xfa\x5f\xa7\x65\x52\x36\
\xb3\x02\x00\x87\x8a\xb6\xdd\x4f\x37\x0b\xff\xec\xef\x8a\x15\x80\
\xc3\x14\xce\xcd\x93\x6e\xb7\x59\xb3\x97\xd8\x34\x83\x6d\xa2\xe4\
\x2f\x93\xd1\xec\x9e\xcf\x33\x1a\xe4\x19\x1d\x2c\x66\x36\x1d\x4b\
\x63\x23\x28\xbd\xbd\xf2\x8c\x92\x42\x7c\x5c\xbe\x44\x20\xa7\x3d\
\x4a\xe8\xfb\x6c\x34\xde\x36\x4d\x19\x00\x98\x22\xe4\xf3\xf3\x93\
\x85\x25\x53\x36\x00\x00\x3e\x0b\x6c\x9e\xfb\x76\x36\x1a\xdf\x9c\
\x66\x06\x00\xcc\x41\x2c\x2c\xd6\xae\xac\xd2\xdb\x67\xde\x14\x5a\
\xcf\xce\xec\xc1\xee\x0e\xbd\xfc\xe7\xf5\xff\x13\xc8\x69\x2f\xbb\
\x3f\x5e\x06\x00\x0e\xf4\x78\xf8\xf9\x3d\xfa\xe0\xfc\xbb\x0e\x46\
\xea\x76\x88\x0f\xbf\x5e\x3d\x06\x80\x28\xcb\x46\xe3\x25\x00\xe0\
\x20\xe6\x9e\x02\x40\xd9\x68\x3c\x35\xcb\x63\x09\x10\xc2\x01\x00\
\x84\x81\x0a\xd5\x0c\x00\x84\xaa\xac\xd0\x2f\x00\x20\x0c\x54\xa8\
\x66\x00\x20\x54\x65\x85\x7e\x01\x00\x61\xa0\x62\x37\xbb\xf7\xf1\
\x3a\x7d\x74\xe1\xf2\x89\x30\x6c\x3d\xd9\x21\xde\x9f\xb7\xbd\x24\
\x10\x6a\xdb\x40\xec\x02\xda\x06\xdd\xf6\x7e\x00\x60\x1b\xb1\xc0\
\xec\x01\x40\x60\x82\xda\xba\x03\x00\x6c\x23\x16\x98\x3d\x00\x08\
\x4c\x50\x5b\x77\x00\x80\x6d\xc4\x02\xb3\x07\x00\x81\x09\x6a\xeb\
\x0e\x00\xb0\x8d\x98\x47\xf6\x67\xdf\x30\x7f\x1e\x80\x01\xd0\x8f\
\x8d\xb9\x0f\xf0\xe8\xb7\xdd\xd6\x9e\x3e\xfc\x6c\x93\x4c\x73\x40\
\x1f\xa0\x75\x98\xab\x07\x90\x34\x61\x3a\x7a\x69\xab\x61\x01\x80\
\x55\xb8\xe4\xc6\x00\x40\x1e\xab\x20\x2d\x01\x40\x90\xb2\xca\x9d\
\x02\x00\xf2\x58\x05\x69\x09\x00\x82\x94\xd5\xbd\x53\xd8\x06\xba\
\x8f\xa9\x57\x23\x02\x00\xaf\xe4\x72\x3f\x59\x00\xe0\x3e\xa6\x5e\
\x8d\x08\x00\xbc\x92\xcb\xfd\x64\x01\x80\xfb\x98\x7a\x35\x22\x00\
\xf0\x4a\x2e\xf7\x93\x05\x00\xee\x63\xea\xd5\x88\x51\x00\xc0\x4e\
\x96\xd7\xa3\xe7\x63\xfa\xe5\xc5\xef\x27\x44\xe2\xd3\xb0\x6b\x17\
\x56\x8e\x1e\x2b\xbf\xb1\xca\x9f\x96\x2d\x4f\xb3\xf8\x84\x4c\x7a\
\xf1\x3d\x7c\xef\xfb\xe7\xdf\xa1\xb3\x67\xde\xa2\x97\xfb\xaf\x8a\
\x2f\x40\x56\xbd\xb6\x74\xcc\x26\x76\xa6\x93\x38\x1e\x33\x8a\xd3\
\x40\xfe\xaa\xf4\xad\xcb\xab\x45\x0c\x59\x08\x3e\x81\x52\x2f\xb5\
\x6b\xf6\xd3\xf3\x5d\xba\xfb\xe3\x66\xf1\xb4\xfa\xb8\x7e\x6a\x55\
\x27\x08\x0b\xaf\x02\xa7\xdb\x31\x5c\x36\x30\x35\x11\x5e\x9f\x7b\
\xd3\x31\xfa\xb8\xaf\x97\xd3\x40\x7e\x27\xa8\x67\xd3\x2c\x30\x0b\
\xcd\x97\x2e\xd8\xd2\x17\xc7\x9f\x91\xb7\x05\x80\x33\x09\xdf\x53\
\x5e\x0c\x1b\xbf\xfb\xf5\xf3\xf6\xeb\xdf\xde\x3d\x95\x85\x5c\x07\
\x1b\xad\x60\x2d\xa2\xaa\xd0\x6a\x16\xf8\xf9\xcb\x9d\xa3\x34\xaf\
\x82\xd1\x24\x03\xa8\xeb\xa9\x3a\x16\x03\xc8\x19\xa8\xfc\x02\x06\
\x2f\x41\x0c\x41\x97\x17\x00\xa8\x88\xae\x9e\xea\xff\xde\x7f\x7d\
\xb4\x34\x54\x89\x62\x9b\x01\x54\x7b\xfd\x5d\x5e\x66\xa1\x62\x19\
\xda\x7f\x05\x00\x0e\xf5\xe9\x65\x09\x28\x59\x60\x11\xf8\x1d\x5f\
\xd6\x02\x6a\x91\x54\x95\x96\x6d\x01\xd0\x6b\x0d\xce\x02\x7a\xc1\
\xd9\xe5\xbb\x5e\xaf\x6b\xb8\x00\x95\x5c\x55\xc5\xe2\xd1\xcf\xb6\
\x48\x06\x98\x62\x63\x2a\x44\x7b\x05\x80\xe7\xa9\x8a\x54\xce\x5b\
\x2d\xfc\xea\x8a\x43\x49\x11\xa8\x02\xa6\xd6\x01\x0c\xc1\xaf\x2f\
\xfe\x38\xaa\x3b\x5a\xc6\xd4\xe9\xed\x51\x6c\x03\xd5\x88\xe9\x05\
\x21\x3f\xa7\x16\x7e\x6d\x00\xa8\x03\x4c\x85\x81\x3f\x6c\xd9\xc7\
\x2e\x40\x4a\x49\x74\x00\x54\x55\xea\x75\xa9\xda\x76\x09\x50\x97\
\x1a\xb5\xe8\xd3\xc5\xe8\x6b\x2b\x28\x81\x20\x3a\x00\xaa\xaa\xe3\
\xba\xaa\xbc\x29\x00\x2a\x08\xbc\x0e\x73\x93\x89\xc1\x2b\xd7\xc3\
\xaa\x5e\x84\x44\xac\x2e\x6c\xa2\x02\x60\x5a\x93\x46\xdf\x02\x72\
\xb0\x6d\x01\x50\x45\x2e\xfb\x0c\x2a\x0c\x6a\xd7\xad\x8f\x5e\x80\
\x04\x98\xa8\x00\xf8\xf3\x9b\xe3\x2f\x3b\x94\xdd\xbe\xb2\x6b\x67\
\xea\x10\x9a\x8a\x40\x7d\x87\xa1\x77\x1b\x59\x8c\xba\x3e\x81\x44\
\xa8\xae\x6c\xa2\x01\x40\x7d\x37\x97\x29\x9f\x45\x53\xdf\x95\xfa\
\x6e\xc0\x36\x03\xa8\xf6\xfa\x3a\xaf\xef\x10\x4c\x40\x75\x25\xb8\
\x3e\x6e\x14\x00\xe8\x85\x9f\x9a\x7e\xd5\xe7\x38\x0b\xa8\x05\xa1\
\x0e\x4d\x9d\x28\x0f\x9e\xfc\x50\xec\xf7\xf5\x2d\x26\x8f\xc7\x8f\
\xb3\xf8\x6a\x3b\xb8\x6e\xdb\xd9\x97\xe8\xea\xeb\x44\x01\x40\xdd\
\x61\x4f\x19\x08\x35\x08\xea\x52\x20\x6d\xa7\x96\xf5\x83\x9e\x51\
\xaa\x04\xe5\xf1\xaf\x7f\xb7\xae\xfe\x3c\x6a\x27\xba\xf3\x5c\x24\
\x8d\xa0\x5b\x57\x3e\x39\x75\x56\xc1\x80\xf2\xc9\x65\xdb\x8b\xe3\
\x3a\xf3\x46\x10\x17\x7e\xe5\x49\x20\x3b\x54\x15\x7c\xb5\x4d\xcb\
\x36\x9c\xbe\x39\x08\x55\x47\xa5\x55\x41\x29\xed\xf9\xb9\xf2\x28\
\xf8\xda\x7b\xc7\x47\xc9\xfc\x78\x71\x1c\xdc\x63\x0f\x40\x0a\x6f\
\x5b\x91\xdb\xde\xdf\x7b\x27\xb0\xed\x84\x6d\xee\x57\xb7\x7d\x36\
\xf7\xb9\xb0\x05\x00\x2e\xa2\xe8\xf1\x18\x00\xc0\x63\xf1\x5c\x4c\
\x1d\x00\xb8\x88\xa2\xc7\x63\x30\x00\x92\x22\xb0\xac\x5b\x74\x57\
\x83\x3d\x0d\xf4\x58\xd3\x4e\xa6\x1e\xc5\x36\xb0\x93\xc8\x05\x32\
\x28\x00\x08\x44\xc8\xa6\x6e\x00\x80\xa6\x91\x0b\xe4\x3e\x00\x10\
\x88\x90\x4d\xdd\x00\x00\x4d\x23\x17\xc8\x7d\x00\x20\x10\x21\x9b\
\xba\x01\x00\x9a\x46\x2e\x90\xfb\x00\x40\x20\x42\xea\x6e\xe0\x34\
\x30\x50\x61\xa5\x6e\xa1\x15\x2c\x8d\x54\xa0\x76\x00\x20\x50\x61\
\xa5\x6e\x01\x00\x69\xa4\x02\xb5\x03\x00\x81\x0a\x2b\x75\x0b\xa7\
\x81\xd2\x48\x45\x6e\x87\x6d\x20\x00\xc0\x1f\x8e\x8c\x99\x01\x64\
\x80\x98\xd5\xd7\xbe\xad\x54\x86\x02\x7f\x3a\x36\x22\x28\x90\x01\
\x22\x12\xbb\xca\x55\x00\x00\x00\x50\x04\xc6\xcc\x00\x32\x40\xa0\
\xea\xe3\x34\x30\x50\x61\xa5\x6e\xa1\x15\x2c\x8d\x54\xa0\x76\x00\
\x20\x50\x61\xa5\x6e\x01\x00\x69\xa4\x02\xb5\x03\x00\x81\x0a\x2b\
\x75\xcb\x53\x00\xb2\x6c\x34\x5e\x9a\xe6\x63\x62\x0a\x40\x7a\x7b\
\xe5\x19\x25\x34\x34\xd9\x85\xfe\x3c\x00\x08\x5d\x61\x83\x7f\x5e\
\x02\x90\xd3\x5e\x76\x7f\xbc\x8c\x0c\xe0\x00\x5e\xf5\x37\x0b\x1d\
\x0c\xd7\xd9\x10\xda\xef\x29\x6e\x67\xa3\xf1\x4d\x00\xd0\x59\xb8\
\xe7\x7d\xe0\x64\x23\x1b\xed\x7e\x05\x00\xe6\x5d\xa7\x6e\xe6\x67\
\x2c\x00\xf9\x65\x51\x04\x76\x13\xfc\x59\x8f\xba\x4d\x93\x85\x8d\
\x6c\xeb\x71\x66\x9a\x08\x00\x30\x45\xe8\xe8\xf9\x64\x83\x06\x93\
\x3d\xb1\x79\xdf\x86\x07\x8b\x85\xd8\x12\xd1\xd5\xa9\x99\x01\xb8\
\xb3\x72\x83\x72\xfa\x94\x12\x4a\x89\x8a\x7f\x71\x5e\x83\x7c\x39\
\xdb\x7c\x3a\xbf\x00\x34\x54\xc5\x08\x80\x3e\x6e\xba\x7e\x69\x48\
\x93\x24\x25\x4a\x52\xca\xf3\x8b\xd1\x80\x01\x00\xea\x11\x4b\xd7\
\xae\xa6\xb4\x78\x90\xd2\x64\x30\x24\xca\xcf\x51\x4e\x69\x70\x60\
\x00\x00\xfb\x1c\x53\x64\x0b\xbe\x18\x8c\xe3\x6c\xc1\x8f\xf8\xb7\
\x94\x00\x00\x7b\x00\xea\xee\xa8\x01\x63\xbe\xa1\x00\x00\xee\x00\
\x98\x0a\x46\xb1\x8c\x10\xcd\x5d\x7d\x01\x00\xba\x07\xa0\xea\x15\
\x4e\xd4\x17\xb3\x5c\x46\x00\xc0\x6c\x00\x98\x9b\x65\x04\x00\xcc\
\x17\x00\xd3\x97\x91\x0e\xb6\xa9\x00\xc0\x0f\x00\x8c\xcb\x48\xd3\
\x6d\x2a\x00\xf0\x17\x80\xda\x6c\xa1\xf7\x2f\xa6\xb9\x28\xec\xad\
\xfb\x16\x25\xeb\x4e\xa0\x6f\x0e\x62\xbe\xd3\x23\x00\x00\x22\x27\
\x04\x00\x00\x80\xc8\x23\x10\xb9\xfb\xc8\x00\x00\x20\xf2\x08\x44\
\xee\x3e\x32\x00\x00\x88\x3c\x02\x91\xbb\x8f\x0c\x10\x39\x00\xff\
\x01\xd9\xe2\xc3\xdb\x61\xe7\x60\x97\x00\x00\x00\x00\x49\x45\x4e\
\x44\xae\x42\x60\x82\
\x00\x00\x0c\x81\
\x89\
\x50\x4e\x47\x0d\x0a\x1a\x0a\x00\x00\x00\x0d\x49\x48\x44\x52\x00\
\x00\x00\x80\x00\x00\x00\x80\x08\x06\x00\x00\x00\xc3\x3e\x61\xcb\
\x00\x00\x00\x01\x73\x52\x47\x42\x00\xae\xce\x1c\xe9\x00\x00\x0c\
\x3b\x49\x44\x41\x54\x78\x5e\xed\x5d\x6b\x6c\x14\xd7\x15\x3e\xb3\
\xeb\xda\x38\x18\xf0\x8b\xc0\x06\xb0\x01\xe3\x17\x76\x29\x0f\x53\
\x48\x9a\xe0\x05\x9b\x86\xc2\x9f\xd0\xa6\x60\x47\xa8\x02\xf5\x41\
\xaa\xfe\xe0\x47\xfa\x8a\x1a\xa9\x89\x84\x14\xf5\x25\x35\xff\xa0\
\x0f\xe1\x4a\x2d\x18\xd4\x84\xf2\x23\x11\x04\x6c\x6c\x37\x40\x53\
\x9b\x98\x26\xd8\xd8\xd8\x0e\x06\x6c\x63\xb0\x31\xf1\x83\x87\x8d\
\xed\xa9\xce\x92\x19\xcf\xde\x9d\x99\xbd\xb3\x3b\xb3\x3b\xe3\x3d\
\x57\xb2\x2c\x7b\xef\x3d\xf7\xdc\xef\x7c\xf7\xdc\x33\xe7\xde\xbd\
\x23\x00\x95\x98\x46\x40\x88\xe9\xd1\xd3\xe0\x81\x08\x10\xe3\x24\
\x20\x02\x10\x01\x62\x1c\x81\x18\x1f\x3e\x79\x00\x22\x40\x8c\x23\
\x10\xe3\xc3\x27\x0f\x40\x04\x88\x71\x04\x62\x7c\xf8\xe4\x01\x88\
\x00\x31\x8e\x40\x8c\x0f\x9f\x3c\x00\x11\x80\x0f\x81\x3c\x6f\xd9\
\x62\x70\x81\x77\x52\x80\x62\x01\x84\xc5\x7c\xad\xa8\x56\xa4\x11\
\x10\x04\xa1\x16\xc6\x27\x2b\x5a\x6a\x2a\x3b\x79\xfa\xe6\xf2\x00\
\x79\xa5\x65\x5e\x51\x14\xce\xf2\x08\xa4\x3a\xf6\x40\x40\x10\xc5\
\x3d\x2d\xd5\x95\x15\xc1\xb4\x09\x4a\x00\x9c\xf9\xa2\x5b\xb8\x16\
\x4c\x10\x7d\x6e\x3f\x04\x84\x09\x71\x49\x30\x4f\x10\x94\x00\x39\
\x25\x65\x87\x04\x10\x76\x2b\x87\xb7\x60\xfe\x5c\xfb\x8d\x96\x34\
\xf2\x21\xd0\xdd\xdb\x27\x23\x21\x82\x58\x71\xb5\xaa\x72\x8f\x1e\
\x34\x41\x09\x90\x5b\x52\x2e\x4a\x02\xd0\xf0\x55\x7f\x7f\x87\xa0\
\xb6\x31\x02\x25\xbb\xf6\x29\x49\xd0\xd9\x5a\x75\x64\x89\x69\x04\
\xd8\xfe\x62\x31\xbc\xfd\xb3\xbd\x36\x1e\x3e\xa9\xf6\xfa\xef\x0e\
\xc2\xf1\x53\xb5\x32\x10\xad\x55\x47\x74\x27\xb9\x21\x0f\x40\x04\
\xb0\x3f\xc1\x2c\x25\xc0\x56\xef\x3a\xf8\xd5\x8f\x77\xd9\x1f\x85\
\x18\xd1\x30\x3e\x3e\x1e\x12\x12\x12\x00\x7f\x4b\xc5\x52\x02\x14\
\x17\x15\xc2\xde\x1d\x5b\x62\x04\x5e\x67\x0c\xd3\xe3\xf1\x00\xfe\
\x10\x01\x9c\x61\x2f\xd3\xb5\x4c\x4b\x4b\x83\xcc\xcc\x4c\x22\x80\
\xe9\xc8\x3a\x44\xa0\xe3\x08\xd0\x77\x6f\xd0\x21\xd0\x46\x4f\xcd\
\xb9\x29\x73\xb8\x3b\x77\x04\x01\x0e\x1e\x3b\x09\xcd\x1d\x37\x81\
\x8c\xcf\x67\xd7\xe5\x59\x8b\x20\x7f\xe9\x22\xd8\x50\x54\x00\xc1\
\xc8\x60\x6b\x02\xa0\xc1\xf7\x1f\x38\x46\x86\xe7\xb3\x7b\x40\x2d\
\x34\xfe\x1b\xaf\xee\xd0\x25\x81\xad\x09\xf0\xee\xe9\xf3\x80\x3f\
\x54\x42\x47\xe0\x3b\x9b\x9f\x03\xfc\xd1\x2a\xb6\x26\xc0\x2b\x3f\
\xff\xbd\x9f\xde\xf8\x18\x99\x9e\x32\x3b\x74\x34\x62\xa0\x65\xff\
\xbd\xa1\x80\xe5\xf2\xf0\x6f\x7f\xea\x3c\x02\xa0\xfb\xdf\xf7\xf6\
\x9f\x65\xc5\x83\x31\x39\x06\x6c\xcb\x3d\x44\xd6\x73\xbe\xf3\xfa\
\x0f\x35\x97\x01\xdb\x7a\x00\x0c\xfa\xf6\x1f\x3c\x2a\x0f\xfa\xd5\
\x1d\x5b\x60\x43\x51\x21\x37\x08\xb1\x5c\xb1\xae\xe1\x32\x1c\x38\
\x76\x52\x86\xe0\x8d\xbd\x3b\x01\x03\x43\xb5\x42\x04\x98\x86\x4c\
\x21\x02\x4c\x43\xa3\x1a\x19\x12\x11\xc0\x08\x5a\xd3\xb0\x2e\x11\
\x60\x1a\x1a\xd5\xc8\x90\x88\x00\x46\xd0\x9a\x86\x75\x89\x00\xd3\
\xd0\xa8\x46\x86\x44\x04\x30\x82\x96\x03\xeb\x62\x8e\x44\x2f\xc7\
\x4f\x04\x70\xa0\x51\x79\x54\x56\xee\x8d\xe8\x25\xc6\x88\x00\x3c\
\x68\x86\x50\x07\x81\xed\xbb\x37\x04\x98\x6e\xc5\x82\xc9\xaa\xb9\
\xa9\x4f\x52\xd3\x38\x23\x31\x4d\x8d\xbb\x70\x5a\x49\x97\x10\xba\
\xf4\x6b\xc2\x66\xf8\xb4\x52\xbc\x44\x80\x70\x91\x56\xb4\x47\x23\
\xff\xfb\x62\x93\xe1\xed\x68\xdc\xb7\x78\x61\x4d\x81\xa9\x64\xc0\
\x6d\xf1\xda\x86\xcb\xb2\x76\x44\x00\x13\x0d\xcd\x8a\x42\x77\x2b\
\x9d\x43\x08\xa7\x1b\xf4\x06\x78\x0e\x32\xd8\xbe\x3c\x4f\x1f\x44\
\x80\x08\xed\x05\xf0\x6e\x43\xa7\x25\xcf\xf2\xd9\x0d\xcf\xc6\xf7\
\x7f\x31\xac\x6b\x43\x5c\xb3\x79\x0e\x68\xe8\x09\x21\x02\x44\x80\
\x00\xb8\x01\x85\x6e\x5f\xad\xac\xca\xcd\x84\x65\x9e\x64\x98\x33\
\xc3\x0d\xa2\x28\x7f\xe1\x49\xae\x7a\xef\xc1\x38\x0c\xdc\x1f\x83\
\xcf\x3a\x7a\xe0\xee\x60\x20\x21\xc2\xf5\x06\x44\x00\x0b\x09\xa0\
\xe5\xf2\xd3\xe6\xcc\x82\xcd\x45\x39\x30\x33\x6e\x92\xc7\x4b\xcb\
\x75\x86\xc7\x00\xaa\x3e\x69\x83\xbb\x83\x23\x7e\xed\x78\x4e\xe9\
\x68\x75\xa4\x0c\xee\x50\x0e\x6e\xf3\xaa\x15\x0a\x02\x0d\x99\xea\
\x49\x65\xb5\x99\xef\x5d\x9d\x0b\x59\x73\x9f\x0a\x41\xda\x54\x93\
\xf6\x3b\xf7\xa1\xb9\xf3\xb6\xdf\xb1\xb6\x70\x48\x20\x05\xa5\xdf\
\xde\xfc\xac\x66\x5c\x41\x04\x30\x68\x32\x35\xe3\xef\xdc\xb4\x0a\
\x92\xbe\x62\x50\x90\x46\xf5\x91\xc7\x00\x55\x8d\x1d\xf2\xe3\x23\
\x56\x33\x23\x26\xe0\xf1\x14\x58\x87\xce\x03\xe8\xd8\x51\x2d\xe0\
\xfb\xae\xf7\x6b\x30\x3b\xc1\x65\x8e\xf5\x25\x29\xee\x78\x38\x71\
\xe1\x4a\x00\x09\xf4\xce\xeb\x85\xaa\x00\x79\x00\x4e\xe4\xd8\x63\
\x67\xd8\xac\xac\x64\x0d\xd7\x7a\x7f\x6b\x60\x04\x46\x1e\x8e\xc1\
\xf0\xc3\x51\xf0\xa4\xce\x82\x59\x89\xf1\x90\x94\x38\xf5\x1d\x3b\
\x35\x15\x5a\x7a\x06\xe1\xdc\x67\x9f\xfb\x7d\xa4\x77\x5c\x8b\x73\
\x18\x01\xd5\x88\x00\x9c\xc8\xb1\xb3\x7f\x53\x51\x3e\x2c\x49\x9b\
\xa1\xd9\x1a\x8d\xde\xd8\x71\x0b\xf0\xb7\x5a\xf1\xa4\x26\xc1\x86\
\xc2\x4c\x5d\x22\x5c\xbb\xfb\x08\xaa\x1b\xae\xc8\xcd\xad\x38\xeb\
\x48\x04\xe0\x20\x00\x3b\xfb\xf1\x99\xfe\xa5\x75\xcb\x34\x5b\x7e\
\xd2\x7e\x0b\x1a\x3b\x7a\x39\x24\x03\xac\xca\x9a\x0f\x39\x0b\xd2\
\x34\x89\x70\xe2\xe3\x76\xbf\xbc\x01\xaf\x17\x50\x3e\xa9\xe8\x9d\
\x91\x24\x02\x70\x98\x89\x9d\xfd\x1b\x56\x66\x43\xf6\xbc\x24\xd5\
\x96\x1f\xd4\xb7\x69\xce\x7a\xad\xae\xb2\x17\xa4\xfa\xbc\x81\x5a\
\xc1\x27\x83\xda\xc6\xab\xf2\x47\xbc\x07\x5e\x69\x2f\xc0\xc4\x3c\
\x00\x1b\xf9\x7f\xff\xc5\x55\xaa\xc6\x52\x9b\xf9\xe8\xea\xb3\x9f\
\x49\x03\xfc\x3d\xfc\x70\x0c\x6e\x0d\x0c\x43\xef\xbd\x91\x00\x92\
\xa0\x27\x58\xbd\x6c\xea\xab\xd7\x52\x07\x82\x20\x00\x7a\x01\xdc\
\x58\xc2\x82\x09\x22\x8c\xd4\x83\x15\x4a\x04\x99\x44\x00\xd6\xfd\
\xa7\xce\x9e\x09\xdb\x9f\xcd\x09\xc0\x1f\x83\xbc\xa3\x75\x4d\x7e\
\xff\xd7\x32\x2a\x56\x42\xb2\xb4\xf5\x0c\xf8\x82\x43\xa9\xec\xdc\
\x50\xa0\xba\x14\xd4\x36\xf7\x40\xfb\xcd\xdb\x72\x3d\x9e\x65\x80\
\x08\x60\x12\x01\xd8\xef\x1c\x68\xb9\x7f\x76\xf6\xeb\x19\x5f\xb2\
\x24\xdb\x46\x6b\x29\xe8\x7f\x28\xc2\x89\xba\x4b\x32\x01\xf4\x9e\
\xd5\xa5\x4a\x44\x00\x93\x08\xc0\x06\x49\x2f\x17\xaf\xf0\xe5\xf7\
\xd9\xa2\x5c\xfb\xf1\x11\x0f\x67\x33\x4f\x41\xaf\x21\x79\x01\x5c\
\x26\xb6\xae\xcd\x0e\x68\x86\xa9\xe2\x63\x67\x1b\x0d\xc5\x01\x44\
\x00\x93\x08\xc0\x06\x53\xbb\x4a\x56\x42\x42\x5c\xe0\x7d\x57\x7f\
\x3d\x35\x65\x20\x9e\xd9\x2f\x59\xb3\xee\xf2\x75\x68\xeb\x1e\xd0\
\x5d\x06\xee\x8e\x8c\xc1\xbf\xce\x4d\x2d\x2f\x3c\x81\x20\x11\xc0\
\x22\x02\xfc\x68\x6b\x11\x4c\x4c\x4c\xf8\xcd\x52\x76\xfd\x37\x42\
\x00\x34\x3e\x92\x40\x2f\x0e\x70\xbb\xdd\xf0\xa7\x0f\x1a\xe4\x3a\
\x3c\xf7\x27\x11\x01\x2c\x22\x40\xf9\xc6\xaf\xc2\x53\xf1\x71\x01\
\x6e\x5a\xe9\x01\xf4\x1e\xeb\xd8\x86\x6c\x1c\xa0\xf6\x84\xf1\xf0\
\xf1\x04\x1c\xae\xfe\x54\x6e\xca\x93\x10\x22\x02\x98\x44\x00\x36\
\x06\xd8\xfe\x7c\x01\xa4\xce\x0c\x4c\xe3\xf2\xac\xe5\x6a\x31\x01\
\x4f\xec\x30\x21\xb8\xa1\xe2\xe4\x94\x07\x20\x02\x30\x48\x5a\xf9\
\xed\x60\x96\x00\x5b\xd7\x2f\x07\xcf\x9c\x84\x00\x5b\xf2\xac\xe5\
\x6c\x23\x76\xe9\xd0\x0a\x02\x1f\x89\x71\xf0\x8f\x0f\xeb\xe9\x29\
\x40\x2b\xaa\xb6\x92\x00\xac\xec\xd5\xb9\x99\xb0\x6a\x71\x6a\x80\
\x2a\xac\x2b\xc7\x27\x81\x6d\x6b\xb3\x75\x73\xfd\x4a\xaf\x81\x02\
\xb5\x62\x87\xce\x81\x51\xa8\xaa\x6f\x26\x02\x44\x83\x00\xd8\x27\
\x5e\x3e\x21\x5d\x3a\x85\xa7\x7e\x5e\x5a\xaf\xbe\x0f\xc0\x1a\x14\
\x49\x80\x29\x5e\x9c\xd9\xca\x82\x1b\x44\xe8\x31\x94\x49\x20\xad\
\xd9\x8f\xed\x94\xf1\x85\xde\xe9\x1e\x65\x1f\x14\x03\x98\x14\x03\
\x20\xa8\x2c\x98\x7b\xbe\xb5\x16\x5c\x93\xe3\x01\x7c\x44\x83\xbe\
\x5f\xdf\xe6\x67\x58\xa9\x12\x1a\x18\x09\x21\x6d\x0d\x2b\x1b\xeb\
\x79\x0b\x21\x2e\x01\xfe\xf2\xfe\x7f\x0c\x05\x80\x6a\x3a\xd3\xb1\
\x70\x2d\xf7\xc1\xf1\x7f\x76\x19\xc8\x5a\xf8\x34\x78\x0b\x16\xa8\
\xb6\x54\x9b\xdd\x7a\x5d\x68\x79\x09\xa9\x4d\x4d\x53\x0f\x74\x74\
\x4d\xa5\x81\x79\xb2\x80\x44\x00\x0b\xae\x88\x51\x2e\x03\x08\xf0\
\x0f\xb6\xad\x07\x71\x7c\x54\xd3\xb6\x6c\x50\xa8\x56\x51\xcf\xed\
\x63\x7d\x3c\x1e\x76\xb4\x7a\x2a\xc1\xc4\xeb\xfe\x89\x00\x16\x10\
\x80\x7d\x1a\xc0\x33\x01\xa5\x2b\x32\x74\x83\x3c\xf4\x06\xd2\xee\
\x1f\xee\x04\xe2\x12\x81\x39\x82\xa4\x19\xf1\xbe\x93\x41\x6c\x6c\
\xa0\x24\x09\xd6\x3d\xf3\xe9\x0d\xb8\xab\xf8\x0e\x01\xef\xec\x27\
\x02\x58\x40\x00\x36\x18\xc4\xbf\xd7\x16\x2c\x85\xa5\x69\x89\x41\
\x8f\x77\x71\xac\x32\x01\x55\x58\xd7\x6f\x64\xf6\x13\x01\x2c\x22\
\x80\xda\x6d\xa4\x9b\xd7\x15\x42\x6a\x82\x68\x2a\x09\x6a\x9a\xba\
\xa1\xa3\xeb\x8e\x1f\x29\x8c\xcc\x7e\x22\x80\x45\x04\x40\x60\x71\
\x73\xa8\xae\xa1\xc9\xef\xec\xfe\xb2\x45\xf3\x60\xed\xb2\xa7\x55\
\x53\xc4\x46\x66\xff\x83\xb1\x71\xa8\x6f\xbf\xe3\xb7\xf7\x8f\xed\
\x8d\x1a\x9f\x08\x60\x21\x01\x24\x12\xb0\xd7\xd2\xa6\x27\xcf\x86\
\x75\xcb\x33\x20\x29\x2e\x34\x6f\xd0\x3b\xfc\x18\x3e\x6e\xbe\x01\
\xfd\x5f\x3c\x39\xf9\x23\x15\x9e\x9d\x3f\x35\x92\x51\x1e\xc0\xc4\
\x3c\x80\x1a\xc0\x6a\x9e\x00\xeb\xe5\x64\x7a\xe0\xeb\x79\x19\x30\
\x3e\xfa\x00\x66\x26\x04\x6e\x1a\x29\x65\xb9\x5c\x2e\xe8\x1d\x1a\
\x83\xd6\xae\x7e\xb8\x7a\xfd\x56\x40\x37\xa1\xcc\x7c\x49\x08\x11\
\xc0\x62\x02\x20\xd0\x98\x1f\x40\xa0\xb5\xae\xa6\xcf\xce\xf0\x40\
\xc6\xbc\x14\x18\x1f\x1f\x87\x05\xe9\xb3\x61\x70\xe4\x11\xc4\xc5\
\xb9\xa1\xab\x6f\x10\x86\x1e\x8c\x42\xdb\x8d\x40\xa3\x4b\x06\x0c\
\xc7\xf8\xb4\x04\x58\xbc\x04\x28\xa7\x2a\x1a\xff\xbd\xd3\x17\x0c\
\x5f\x0a\xa1\x15\x1b\xe0\x5e\xbf\xde\x77\xf9\x78\x63\x0a\xf2\x00\
\x11\xf0\x00\x4a\x63\xa0\x37\x78\xef\xcc\x79\xcd\xaf\x8b\x07\x33\
\x9c\xd9\xb7\x84\x10\x01\x22\x4c\x00\xc9\xc0\xe8\x11\xae\x74\xdc\
\x84\xba\x8b\x4d\xd0\x37\x30\xa4\xfb\x02\x0b\x34\x7a\xfe\xd2\x85\
\x90\x9f\xb5\xc8\x94\x5b\x41\x94\x24\x23\x02\x44\x89\x00\xec\x4c\
\x47\x42\x20\x11\xa4\xa2\xbc\x28\x2a\x98\x57\x08\xe7\x73\xe5\xfe\
\x05\xdd\x0f\x10\x0e\x92\x0e\x6e\x4b\xf7\x03\x38\xd8\x78\x91\x52\
\x9d\xbe\x1b\x18\x29\xa4\x6d\xda\x0f\x11\xc0\xa6\x86\x89\x94\x5a\
\x44\x80\x48\x21\x6d\xd3\x7e\x88\x00\x36\x35\x4c\xa4\xd4\x22\x02\
\x44\x0a\x69\x9b\xf6\x43\x04\xb0\xa9\x61\x22\xa5\x16\x11\x20\x52\
\x48\xdb\xb4\x9f\x69\x41\x00\xc4\x56\xf9\xe6\x50\xe9\x9a\x55\x9b\
\x62\x6e\x2b\xb5\xd8\x4b\xae\x1d\xf9\xe6\x50\x44\x94\x3d\xb5\x6b\
\x2b\x94\x1d\xa2\x4c\xb0\x73\x87\xb6\x7d\x71\x24\xe2\xcb\x9e\xdd\
\x77\x08\xe6\xb6\x52\x33\xd8\x19\x04\x5b\x13\x00\x91\xc4\xf5\xec\
\xdd\xd3\x17\xe8\x15\xf2\x21\xd0\x2a\x98\xf1\x51\xa4\xed\x09\x80\
\x4a\x4a\xbb\x6f\x57\x3e\x57\xbf\xc6\x3d\x04\x6c\xa6\x75\x93\xb9\
\xf8\xea\x1a\xce\xed\x68\x47\x10\x60\x5a\x5b\x2b\xca\x83\x23\x02\
\x44\xd9\x00\xd1\xee\x9e\x08\x10\x6d\x0b\x44\xb9\x7f\x22\x40\x94\
\x0d\x10\xed\xee\x89\x00\xd1\xb6\x40\x94\xfb\x27\x02\x44\xd9\x00\
\xd1\xee\x3e\x12\x04\xb8\x06\x00\x8b\x71\xa0\x3c\x77\xe1\x45\x1b\
\x90\x58\xeb\x3f\xa2\x04\x40\x70\xad\x78\x45\x4a\xac\x19\xcd\xcc\
\xf1\x26\x26\x26\x42\x72\x72\xb2\x4f\x64\xf7\xed\x7e\x38\x7e\xaa\
\x56\x29\xbe\xb3\xb5\xea\xc8\x12\xbd\xfe\x02\xef\x57\x65\x6a\xe7\
\x95\xbe\xf2\xa6\x28\x8a\xbf\x36\x53\x69\x92\x15\x19\x04\x04\x41\
\x78\xab\xe5\xcc\xe1\x37\xc3\x22\x00\x36\xce\x2d\x29\x97\x97\x81\
\xc8\xa8\x4e\xbd\x98\x80\x40\xd0\xd9\x8f\x7d\x04\xf5\x00\x92\x22\
\x39\x25\x65\x87\x04\x10\xbc\x52\x3c\x60\x82\x82\x24\xc2\x22\x04\
\x78\x66\xbe\xd4\x35\x37\x01\xa4\x06\x79\xde\x32\x5f\x40\x28\x97\
\x38\xd7\x6e\xe5\x12\xf1\xf2\x37\xbf\xf1\xd1\x73\x2b\xf3\xfd\xeb\
\x18\x1c\xe8\xf9\x4b\x57\x3a\xff\xf9\xe1\xb9\xe7\x65\x25\x05\xe1\
\x2d\x18\x9f\xac\x30\x28\xc6\x16\xd5\x45\xb7\x70\x56\x9a\x34\xcb\
\xb3\x32\xc4\x9f\x94\x6f\x33\xf6\x0a\x53\x00\x48\x4f\x4f\x1f\x4a\
\x49\x49\xb9\x2f\x0d\xe8\x17\xbf\x39\x90\xde\xd8\x7c\x55\x7a\x3b\
\x56\xa7\x30\x21\x6e\x94\x3e\x6b\xa9\xa9\xec\x34\x32\x70\xc3\x04\
\x60\x85\xe7\x6d\x2a\xdb\x2d\x0a\xc2\x21\xe9\xff\xaf\xed\xde\x7e\
\x69\xcd\xf2\xac\x95\x46\x94\x60\xeb\x5e\x6c\xee\xb8\xf4\x87\x8a\
\xe3\xb2\x0c\x41\x14\xf7\xb4\x54\x57\x3a\x92\x00\xca\xe5\x93\xf7\
\xd5\x32\x2c\x1e\x1e\x8f\x07\xf0\x47\x2a\xdf\x7b\x6d\x3f\xfc\xf7\
\x7f\xf2\x2d\xa5\x5c\xae\x5e\xcb\x1e\x44\x80\x70\x98\xca\xd1\x96\
\x08\xc0\x01\x12\x79\x00\x7d\x90\xc8\x03\xd0\x12\x40\x4b\x00\xc5\
\x00\x14\x03\x50\x10\xf8\xe5\x4a\x41\x41\x60\x08\x71\x45\xb4\x9a\
\x50\x10\x18\x02\xf2\xf4\x18\xe8\x0f\x1a\x05\x81\x14\x04\xda\x38\
\x08\x2c\x2d\xf3\x8a\xa2\x2f\xdb\xe5\x2b\xeb\x56\xe4\xd6\xee\xdc\
\xf2\x42\xd6\xfc\xf4\xe4\x85\x21\x4c\x7e\x5f\x93\x5f\xfe\xf1\x6f\
\x1f\xdd\xe8\xe9\x53\x64\x02\xc5\x8d\x2d\x67\x2a\x6b\x42\x95\x17\
\xcd\x76\xb9\x25\xe5\x88\x0d\xa6\xd0\x7d\x85\xe7\x15\xb3\xac\xbe\
\x85\x85\x85\x10\x1f\xff\xe4\xa5\x58\xdd\xbd\x7d\x50\xb2\x6b\x9f\
\xb2\x4a\x4d\x6b\xd5\x11\x39\x13\x68\x74\xac\x61\x27\x82\xb0\x43\
\xb5\xcd\x22\xb7\xdb\xd5\x65\x54\x19\xa9\xfe\xc4\xc4\xa4\x1f\x79\
\x5a\xab\x8e\x98\xa2\x67\xa8\xfa\x84\xd3\x4e\x6d\x37\xf5\x99\x79\
\xe9\xdc\x22\xf1\x45\xd5\xca\x82\x04\x50\x16\x23\x79\x7f\xb5\x4e\
\x4d\x01\xd6\xca\x2d\xe3\x70\x07\xc8\x8d\xb4\x85\x15\x2d\xdc\x4d\
\x0d\x2b\x0d\x8c\x43\x36\x85\x00\x28\xe8\xcb\xdd\xc2\xdd\x66\xe2\
\x38\x1d\x8c\x8f\x78\xe0\x06\x9a\x72\x53\xc8\x24\x8c\x3a\x05\x41\
\xdc\x13\xee\xd2\x68\x1a\x01\x7c\x03\x2d\x2d\xf3\x02\xb8\xbc\xa2\
\x28\x16\x87\x3a\x48\x11\xc4\x4e\x97\xe0\xba\x0e\x30\x59\x13\xee\
\xe0\x42\xd5\xc1\xaa\x76\xb8\x71\x06\x2e\xd7\xe2\xb0\xf1\x11\xa1\
\xd6\xac\xc4\x98\xa9\x04\xb0\x0a\x38\x92\x6b\x1d\x02\x44\x00\xeb\
\xb0\x75\x84\x64\x22\x80\x23\xcc\x64\x9d\x92\x44\x00\xeb\xb0\x75\
\x84\x64\x22\x80\x23\xcc\x64\x9d\x92\x44\x00\xeb\xb0\x75\x84\x64\
\x22\x80\x23\xcc\x64\x9d\x92\x44\x00\xeb\xb0\x75\x84\x64\x22\x80\
\x23\xcc\x64\x9d\x92\x44\x00\xeb\xb0\x75\x84\x64\x22\x80\x23\xcc\
\x64\x9d\x92\x44\x00\xeb\xb0\x75\x84\xe4\xff\x03\x2b\x34\x84\x26\
\xc4\xa1\xcb\x17\x00\x00\x00\x00\x49\x45\x4e\x44\xae\x42\x60\x82\
\
\x00\x00\x00\xcc\
\x3c\
\x73\x76\x67\x20\x77\x69\x64\x74\x68\x3d\x22\x38\x22\x20\x68\x65\
\x69\x67\x68\x74\x3d\x22\x38\x22\x20\x76\x69\x65\x77\x42\x6f\x78\
\x3d\x22\x30\x20\x30\x20\x38\x20\x38\x22\x20\x66\x69\x6c\x6c\x3d\
\x22\x6e\x6f\x6e\x65\x22\x20\x78\x6d\x6c\x6e\x73\x3d\x22\x68\x74\
\x74\x70\x3a\x2f\x2f\x77\x77\x77\x2e\x77\x33\x2e\x6f\x72\x67\x2f\
\x32\x30\x30\x30\x2f\x73\x76\x67\x22\x3e\x0a\x3c\x70\x61\x74\x68\
\x20\x64\x3d\x22\x4d\x32\x20\x33\x4c\x34\x20\x35\x4c\x36\x20\x33\
\x22\x20\x73\x74\x72\x6f\x6b\x65\x3d\x22\x23\x37\x66\x38\x63\x38\
\x64\x22\x20\x73\x74\x72\x6f\x6b\x65\x2d\x77\x69\x64\x74\x68\x3d\
\x22\x31\x22\x20\x73\x74\x72\x6f\x6b\x65\x2d\x6c\x69\x6e\x65\x63\
\x61\x70\x3d\x22\x72\x6f\x75\x6e\x64\x22\x20\x73\x74\x72\x6f\x6b\
\x65\x2d\x6c\x69\x6e\x65\x6a\x6f\x69\x6e\x3d\x22\x72\x6f\x75\x6e\
\x64\x22\x2f\x3e\x0a\x3c\x2f\x73\x76\x67\x3e\
\x00\x00\x07\xea\
\x89\
\x50\x4e\x47\x0d\x0a\x1a\x0a\x00\x00\x00\x0d\x49\x48\x44\x52\x00\
\x00\x00\x80\x00\x00\x00\x80\x08\x06\x00\x00\x00\xc3\x3e\x61\xcb\
\x00\x00\x00\x01\x73\x52\x47\x42\x00\xae\xce\x1c\xe9\x00\x00\x07\
\xa4\x49\x44\x41\x54\x78\x5e\xed\x9d\x3d\x7a\x24\x35\x10\x86\xbb\
\x2f\xc0\x5e\x00\x32\x47\xb8\x1d\xf9\x00\xb0\x11\x27\x30\xa4\x3c\
\x0f\x1b\x10\x73\x01\x76\x4f\x40\x48\x00\x09\x29\x37\x20\x62\x39\
\x80\xa3\x69\x4f\xe4\x90\x0b\xb0\x91\x13\x7b\xb0\xec\x9e\x71\xb7\
\x54\xea\xa9\x2a\x69\xa4\x72\xf7\xe7\xcc\xb6\x7e\xbf\x7a\xbb\xf4\
\x2f\xb5\x0d\x7e\x56\xad\x40\x1b\xab\x7d\xd7\x75\x3f\x27\x2a\xf3\
\x4f\xdf\xf7\x1f\x13\xd3\x40\xf4\xa6\x69\x32\xd8\xa2\xe9\xfb\xfe\
\x03\x25\x26\x09\xc0\x90\xe1\xfb\x44\xf5\x3f\xf6\x7d\xff\x36\x31\
\x0d\x44\x7f\x06\xe0\xef\xa6\x69\xbe\x4e\x14\xe3\x3d\x05\x41\x00\
\x40\x26\xe3\xbb\xb2\x02\x80\x44\x8b\xed\xa3\x67\x02\xc0\x25\x17\
\x40\x30\x01\xa0\xeb\x3a\x47\x99\xa3\x2d\xc7\x0f\x00\xc8\xa1\x62\
\x3e\x0f\xb0\x2f\xcd\x04\x02\x1f\x80\x9d\x57\x66\xd2\x6d\x64\xaa\
\x17\x92\x29\xa0\x00\xe5\xd1\x1f\x9b\x82\x83\xdd\xe7\x00\xc0\x17\
\x5c\xc0\x40\x25\xb2\x20\x20\x78\xbb\xef\xa0\x47\x01\x18\x53\x52\
\xa2\x90\xc8\xe3\xb4\x0a\x3c\x42\x30\xf6\xee\x00\xe0\xb4\x72\xdb\
\x4b\x1d\x00\xd8\xb3\x49\xd1\x12\x01\x80\xa2\x72\xdb\xcb\x0c\x00\
\xd8\xb3\x49\xd1\x12\x01\x80\xa2\x72\xdb\xcb\x0c\x00\xd8\xb3\x49\
\xd1\x12\x01\x80\xa2\x72\xdb\xcb\x0c\x00\xd8\xb3\x49\xd1\x12\x01\
\x80\xa2\x72\xdb\xcb\x0c\x00\xd8\xb3\x49\xd1\x12\x01\x80\xa2\x72\
\xdb\xcb\x0c\x00\xd8\xb3\x49\xd1\x12\x01\x80\xa2\x72\xdb\xcb\x0c\
\x00\xd8\xb3\x49\xd1\x12\x01\x80\xa2\x72\xdb\xcb\x0c\x00\xd8\xb3\
\x49\xd1\x12\x0d\xfb\x0a\xf7\x79\x7e\x20\x37\x84\x14\x2d\x11\x32\
\x33\xa1\x40\xf4\x5c\x80\x89\xd2\xa1\x10\x27\x57\x60\x55\x00\x78\
\x6e\x70\x56\xdc\xb5\x9c\x69\xa8\x02\x80\xdb\xa4\xd8\xb6\xed\xd5\
\x29\xf0\xbe\xbf\xbf\xff\x6e\xbb\xdd\xde\x50\x69\x7b\x1d\xa1\x63\
\x00\xcc\x9d\x9a\xf2\x77\x4f\x67\xab\x4a\xe9\xbd\x98\xd5\x00\x78\
\x54\x2c\xf5\xe4\x11\x29\xfa\xc3\xc3\x43\x07\x00\xf8\x3c\x02\x80\
\x88\x56\x73\x5f\xa2\xc4\x93\xf0\x4d\xf1\x1c\x72\xad\x1e\xe0\x2f\
\xa9\x50\x5e\xf8\x6f\xf6\xbf\x57\xf0\x00\xa9\x07\x60\x27\x67\xfe\
\x56\x09\xc0\xdd\xdd\xdd\x9b\xdb\xdb\xdb\x4f\x1a\x08\xba\xae\xfb\
\xa1\x69\x9a\xdf\xb5\x00\x68\x04\x8f\x4d\xaa\x28\xcb\x3f\xe9\x4f\
\x68\xca\xa3\xc9\x77\x1f\xc7\x44\x13\x00\x00\x5e\x4c\x08\x00\x84\
\x38\xc3\x03\x08\x05\xf3\x82\x9b\xf4\x00\x67\x67\x67\x9f\xcd\x55\
\x6b\xdc\x5c\x58\x03\x40\x52\x76\x57\x47\xbf\x43\x09\x0f\xf0\x2c\
\xca\xaf\x4d\xd3\xfc\x48\x41\xd0\xb6\xed\x1f\x9b\xcd\xe6\xfb\xfd\
\xff\xac\x01\x70\x71\x71\x71\xb5\xdb\xed\xfe\x8c\x00\xfc\x6f\xdf\
\xf7\x5f\x8c\xff\x07\x00\x9a\xa6\xf1\xfb\x00\x25\x01\x88\x79\x1a\
\xc1\x30\xf0\x70\xd0\xd2\xa5\x05\x00\x18\x4d\x92\x7f\x5c\x19\x00\
\xa0\x13\x38\x19\x06\xc2\x03\x30\xbe\xa2\x4c\x41\x4c\x76\x02\x01\
\x40\x26\xeb\x32\x92\x01\x00\xe9\x53\xc1\xe8\x03\x30\x40\x9b\x04\
\xa9\xd5\x07\x88\x95\xf3\xd8\x3d\x3a\x7e\xbc\xb9\x99\x40\x74\x02\
\x19\x34\x1c\x03\xe0\xfc\xfc\xfc\xcb\xb9\x64\x6e\x6e\x6e\xb6\x9a\
\x61\x60\x09\x00\x24\x65\xc7\x3c\xc0\x60\x91\x52\x53\xc1\x33\x00\
\x04\x17\x31\x6a\x87\x81\x0c\xfe\x7d\x6f\x88\xb5\x00\x00\x80\x61\
\x60\xa9\xd5\xc0\xd8\x75\xab\xc1\xe5\x98\xf0\x00\x52\x5f\x26\x08\
\x4f\x74\xba\x52\x77\x07\x1d\xe2\x57\xda\x0f\x90\xb2\x27\x60\x52\
\xf7\x55\xae\x05\x08\xd8\x39\x1a\x54\x01\x80\xf8\x36\x54\xec\x08\
\x3a\x6a\x86\xf9\x00\x19\x2f\xa4\x0e\x32\x02\x00\x32\xe3\x98\x98\
\x08\x92\x15\x79\x3e\x34\x00\x90\xa9\x59\x05\x80\xcb\xcb\xcb\x37\
\xb2\x62\xca\x42\x5f\x5f\x5f\xff\x47\xc5\x88\xb8\x6e\xd7\x7e\x07\
\x8f\x29\xac\xe5\xb1\x8b\x2a\x00\xc8\xcc\x99\x2f\xb4\xa4\xed\x2e\
\xdd\x19\xcb\x57\x4b\x59\x4a\x00\x20\xa2\x17\x00\x90\x81\xf4\x2a\
\x42\xc3\x03\x84\x66\x82\x07\x80\x07\x28\xff\xf1\x0e\x4f\xd3\x7c\
\xc5\xc9\xd9\x7f\xe8\x48\x12\x97\x93\xfe\x10\x26\x98\x88\xf2\x9b\
\x80\x48\xbe\xc1\xcb\x68\x29\xe1\x62\x2f\x7b\x09\xea\x21\x0e\x5a\
\xc5\x03\x48\xde\x26\x22\x0c\xe1\x9e\xb3\x53\xcd\x1c\xc6\xda\x75\
\xaa\x69\x88\x00\xe0\x4f\x19\x07\xaf\xaa\x44\xea\x16\x4c\x36\x49\
\x97\xa0\xc5\x96\x65\x46\x00\x00\xc4\xd6\x6c\xa7\x1d\x00\x60\x12\
\xa4\x09\x06\x0f\x70\x78\x0c\xb2\xea\x3a\x80\xb3\x1d\x3c\x00\x3c\
\x80\xe6\x1b\x4e\x8b\x23\xf1\x00\xcc\x9c\xc8\x05\x1d\xbf\x9d\x4d\
\x19\xdb\x47\xca\x8c\x3e\x00\xd3\x40\x93\x60\x02\x31\xb9\x1d\x3e\
\x16\x00\x4d\xd3\x04\x4f\xd9\xc6\xa6\x7c\x07\x78\xfc\xea\x51\x9d\
\x4f\xce\xdf\xc8\xe9\xe6\xc7\x47\x3a\x27\x23\xa1\xb5\x8f\x02\xa8\
\xaf\x29\x37\x00\x01\xaf\x92\x91\x01\x13\x76\x56\x8f\xdf\xca\xd3\
\xba\x96\xfa\x00\x00\x80\x49\x58\xce\x60\xfe\xc3\x91\xdc\x2f\x2e\
\x67\x19\x90\x56\x59\x05\x66\xdf\x0e\x76\x7b\xe6\x1c\x04\xa7\xfe\
\xa1\xf6\xe6\xa5\x6c\xab\xe2\x96\x37\x77\xbe\xb9\xd3\xe3\xd6\x23\
\x25\x9c\xf3\xb4\x87\xe5\xef\x2a\x4d\x80\x2b\xfd\xd0\x11\x9c\x54\
\xe4\xd4\x6b\xf0\x9c\x19\x3f\x89\xb2\x29\xb3\x79\x43\x5c\xff\x7e\
\xa0\xa0\x93\x2a\x29\x8f\x26\x6c\x35\x00\x34\x85\x4d\x8d\x93\x7b\
\x35\x50\xb0\xb5\x8d\xd5\xbf\x49\x19\xa6\x6a\xb5\x01\x00\x11\xe5\
\x38\xc6\x00\x00\x5a\xec\x2a\xc5\x83\x07\x08\x85\x5f\x9b\x07\x08\
\x0e\x80\x0c\x92\x04\x9d\xb9\xc8\x2a\x24\x85\x2e\xd5\x11\xf4\xff\
\x86\x26\xa0\xd2\x47\xcf\xca\x96\xd3\x39\x1c\x2e\x9a\xf6\x0d\x1b\
\x9b\x81\xf4\xef\x12\x06\x00\x2c\x4b\x54\x0a\x04\x00\x2a\x09\x6f\
\x25\x5b\x00\x60\xc5\x12\x95\xca\x01\x00\x0a\x0b\x7f\xa2\x7d\x7d\
\x4f\xb5\xd0\xac\xa8\x51\x2b\x7f\xc4\x5e\xc4\xe0\x0e\x81\xc7\xfc\
\xe6\x56\x21\xc7\xaa\xb2\xb6\xb0\x71\x86\x9e\xb9\x4d\x55\x65\x14\
\x20\x18\x3f\x8b\xeb\x2b\x38\xd6\xed\xd2\x0e\x3a\x67\xfb\x0c\x09\
\xaf\xc0\xea\xc8\x51\x50\x48\x3a\x90\xe2\x0a\x27\x46\x00\x00\x7d\
\x4f\x4e\xbf\x02\x80\x44\xb2\xe6\xa2\xc3\x03\x3c\xa9\x23\x3e\x96\
\x7e\x0a\x93\x58\xf1\x00\x29\x8b\x20\x6e\x57\xcd\xa1\x8d\x45\x13\
\x20\xc3\xc4\x04\x00\x29\x9d\x1f\x7f\x7b\x99\x01\x00\xa8\xed\x5f\
\x0e\x52\x7f\x12\xe9\xe8\xec\xa3\xcc\x94\xba\xd0\x6b\x07\x40\xa7\
\xda\x4b\x2c\xee\xf6\x2f\x56\xb8\x94\x0f\x41\x5b\x11\x00\xa0\x55\
\xee\x39\x1e\xcb\xb0\xdc\x70\x00\x60\x30\x46\xd7\x75\xbf\xc5\xce\
\x2c\xb4\x6d\xfb\x69\xb3\xd9\xfc\x34\x1a\xae\x39\x57\x7a\x58\xe4\
\x11\x36\x01\x69\xe6\x07\x00\x3a\xfd\x8e\xed\xd7\x1f\x00\x78\x47\
\xa5\xde\xb6\xed\x2f\x00\x40\xa7\x3b\xa9\x67\xbe\xa4\xf8\x29\x01\
\x00\x1c\x0d\x9b\xec\x3e\x26\xd6\xde\x5d\x13\x90\xdd\x03\x50\x88\
\x46\xe6\x24\x58\x63\xf4\xc8\x0c\x1f\x95\x0d\x2b\x3d\xfe\x27\x94\
\x2f\xa4\xc9\x4e\xe0\xa9\x9a\x00\x00\x10\x2a\x00\x00\xba\x8e\x3a\
\x0b\xc1\xfa\x62\xe1\x01\x94\x9e\xa8\x56\x1f\x00\x1e\xe0\x75\x79\
\x80\xc9\xf3\x6a\xfb\xa2\xb7\x6d\xbb\x4d\x18\x05\x50\xfb\xf7\xfc\
\x59\x3a\x17\x26\x76\x98\xd3\x57\xd0\x79\x8f\xd8\x05\xd4\xe3\xb0\
\xd4\x7c\x81\x7b\x5a\xee\xf3\x71\xa0\xdd\x6e\xf7\x6e\xfc\x16\x82\
\xf2\xfb\x12\x45\x33\xd9\x04\x48\x6a\x90\x38\x15\xfc\x94\xd5\xb8\
\x13\x2a\x3c\xba\x9e\x32\x11\xe4\x00\xb8\xf2\x00\x38\x07\x00\x12\
\xeb\xbf\x9c\x30\x4a\x9a\x08\x02\x00\x42\xd1\x53\x83\x1f\xeb\x03\
\x48\xd2\x87\x07\x90\xa8\xf5\x4a\xfa\x00\x92\x2a\x01\x00\x89\x5a\
\x46\x01\x48\xab\xc2\x34\xf6\x91\xb5\x00\xf2\xe4\x33\xb1\xff\x8f\
\x7b\x42\x3a\xe5\x9e\xc0\x6f\xfd\x7a\xef\x76\xbb\x7e\x95\x7d\x80\
\x52\x00\xe4\xcc\x67\x29\x69\x99\x18\x05\xe4\x14\xb3\xc6\x92\x6a\
\xce\xf2\x97\x4e\xab\x16\x00\x6e\xec\xcc\xba\x2a\x56\x2a\x88\x66\
\x5b\xb8\x34\x8f\x25\x85\xaf\x02\xc0\x92\x04\x7c\xed\x75\x01\x00\
\xaf\xdd\x82\x89\xe5\xf7\x2f\x89\x3a\x4c\x6b\x9e\xfa\xba\x96\xc4\
\x72\x23\xba\x40\x01\xff\x24\x56\xf4\x8e\x20\xef\x30\xc4\xe4\x55\
\x6c\x41\x7e\x08\x6a\x4c\x81\xb9\x89\x37\xdf\x03\x8c\xcf\xb5\x03\
\x00\x63\x86\xd4\x16\x07\x00\x68\x95\x5b\x48\x3c\x00\xb0\x10\x43\
\x6a\xab\x01\x00\xb4\xca\x2d\x24\x1e\x00\x58\x88\x21\xb5\xd5\x00\
\x00\x5a\xe5\x16\x12\x0f\x00\x2c\xc4\x90\xda\x6a\x00\x00\xad\x72\
\x0b\x89\x07\x00\x16\x62\x48\x6d\x35\x00\x80\x56\xb9\x85\xc4\x03\
\x00\x0b\x31\xa4\xb6\x1a\x00\x40\xab\xdc\x42\xe2\x01\x80\x85\x18\
\x52\x5b\x0d\x00\xa0\x55\x6e\x21\xf1\x00\xc0\x42\x0c\xa9\xad\x06\
\x00\xd0\x2a\xb7\x90\x78\x5a\x00\x82\x17\xb4\x17\xa2\xc7\xaa\xaa\
\x41\x5d\x80\x31\xde\x39\x3d\xb7\x21\x64\x2f\x14\xeb\xa2\x63\x4a\
\x55\xec\xd0\xcd\xc3\x1a\x75\x99\xb5\x20\x65\xdf\x7e\x93\x3b\x8f\
\x83\x4d\xa1\xd4\xd5\xe9\x82\xcc\x26\x41\xb1\x47\x5f\xab\xdc\x34\
\x5e\x46\x9b\x04\x17\x5e\x93\xbb\x82\x73\x65\x08\x00\x4c\x01\x40\
\xde\x7a\x12\xdd\x16\x9e\xe3\x42\x67\x00\x60\x06\x80\xe8\x95\x37\
\xb3\xe7\x02\xa8\xd7\x3d\x25\x55\xc2\xd6\x72\x89\x5a\x75\xc2\xe2\
\x60\x48\x1d\xdd\xcd\xe4\x0a\x00\xcc\x98\xa2\x4e\x41\x00\x40\x1d\
\xdd\xcd\xe4\xfa\x3f\x6b\xb7\xfa\xea\x9a\x95\xbe\x7b\x00\x00\x00\
\x00\x49\x45\x4e\x44\xae\x42\x60\x82\
\x00\x00\x00\xd2\
\x3c\
\x73\x76\x67\x20\x77\x69\x64\x74\x68\x3d\x22\x31\x32\x22\x20\x68\
\x65\x69\x67\x68\x74\x3d\x22\x31\x32\x22\x20\x76\x69\x65\x77\x42\
\x6f\x78\x3d\x22\x30\x20\x30\x20\x31\x32\x20\x31\x32\x22\x20\x66\
\x69\x6c\x6c\x3d\x22\x6e\x6f\x6e\x65\x22\x20\x78\x6d\x6c\x6e\x73\
\x3d\x22\x68\x74\x74\x70\x3a\x2f\x2f\x77\x77\x77\x2e\x77\x33\x2e\
\x6f\x72\x67\x2f\x32\x30\x30\x30\x2f\x73\x76\x67\x22\x3e\x0a\x3c\
\x70\x61\x74\x68\x20\x64\x3d\x22\x4d\x33\x20\x35\x4c\x36\x20\x38\
\x4c\x39\x20\x35\x22\x20\x73\x74\x72\x6f\x6b\x65\x3d\x22\x23\x37\
\x66\x38\x63\x38\x64\x22\x20\x73\x74\x72\x6f\x6b\x65\x2d\x77\x69\
\x64\x74\x68\x3d\x22\x31\x2e\x35\x22\x20\x73\x74\x72\x6f\x6b\x65\
\x2d\x6c\x69\x6e\x65\x63\x61\x70\x3d\x22\x72\x6f\x75\x6e\x64\x22\
\x20\x73\x74\x72\x6f\x6b\x65\x2d\x6c\x69\x6e\x65\x6a\x6f\x69\x6e\
\x3d\x22\x72\x6f\x75\x6e\x64\x22\x2f\x3e\x0a\x3c\x2f\x73\x76\x67\
\x3e\
\x00\x00\x18\x5c\
\x89\
\x50\x4e\x47\x0d\x0a\x1a\x0a\x00\x00\x00\x0d\x49\x48\x44\x52\x00\
\x00\x00\x80\x00\x00\x00\x80\x08\x06\x00\x00\x00\xc3\x3e\x61\xcb\
\x00\x00\x00\x01\x73\x52\x47\x42\x00\xae\xce\x1c\xe9\x00\x00\x18\
\x16\x49\x44\x41\x54\x78\x5e\xed\x5d\x09\x78\x54\x45\xb6\xfe\xab\
\xd3\x9d\x7d\x5f\x20\x0b\x8b\x86\x90\x28\xb8\x04\x59\x93\x30\xac\
\x22\x30\x26\x01\x9c\xd1\x71\x7d\x2a\x2e\xa8\x49\x14\xe7\xb9\xe0\
\x73\x9e\xcb\xcc\xa8\xa0\x3c\x15\xd3\x51\x50\x70\x79\xf3\x46\x1d\
\x95\x2d\x09\x28\xf0\x10\x44\xb2\x28\xe0\xc8\x88\x02\x01\x41\x04\
\x12\x04\x42\x12\x12\x64\x49\xd2\xf5\xde\xb9\xe1\xc6\x5e\xd2\xc9\
\xdd\xfa\xf6\xed\x98\xfa\x3e\x3f\xf9\x3a\x55\xa7\x4e\x9d\xfa\xef\
\xa9\x53\xa7\x4e\x9d\x62\xe8\x86\x65\xf4\x32\x6b\x2a\x2c\x2c\x8d\
\x73\x5b\x0a\x67\xa6\xfe\x00\xef\xc3\x38\xe2\x39\x43\x0c\x03\x22\
\x39\x10\x8a\xb6\xff\x7e\x29\x1c\x4d\x8c\xa1\x89\x03\xf5\x8c\xa3\
\x96\x33\x1c\x01\xd8\x21\xc6\x6d\x07\x18\x33\xed\x45\x33\xdf\xbd\
\xf9\x9a\xfc\xaa\xee\x26\x2e\xe6\xeb\x03\x1a\xb3\xa2\xa8\x6f\xb3\
\xa9\x75\x34\x83\x69\x14\x18\x86\x01\x48\x07\x10\xec\xa1\x71\xfd\
\x0c\xe0\x6b\x70\x6c\xe5\xb0\x55\x5a\x6c\x7e\x9b\x37\x4d\xcf\x3b\
\xe8\xa1\xbe\x74\x21\xeb\x93\x00\xc8\x2c\x29\xba\x8a\x33\x4c\x61\
\xdc\x36\x09\x60\x97\xe8\x22\x29\xb7\x9d\xb0\x1d\x9c\x61\x1d\xe3\
\xf8\xa4\x3c\x27\x6f\xad\x77\x79\x91\xdf\xbb\xcf\x00\x20\xa3\xb4\
\x70\x32\x6c\xb8\x96\x31\xcc\x00\x58\xb4\xfc\xa1\xea\xd1\x82\x9f\
\xe0\x1c\xcb\x61\xc2\x87\x15\xd9\x05\x6b\xf4\xe8\x51\x6d\x1f\x86\
\x06\xc0\x88\xe2\xc2\x0b\xfd\xc0\x6e\x03\xc3\x2d\x0c\xb8\x50\xed\
\x60\xf5\x6c\xcf\xc1\xf7\x83\xb3\xbf\xb5\x82\xbf\xfd\x65\x6e\xc1\
\x7e\x3d\xfb\x96\xd3\x97\x21\x01\x90\xb9\xd2\x3a\x06\x7e\xb8\x17\
\x1c\xd7\xcb\x19\x8c\x61\xeb\x32\xbc\x8f\x56\xbc\x56\x3e\x2d\x7f\
\x93\xd1\x78\x34\x14\x00\x48\xcd\x33\xce\x1e\x04\x30\xd9\x68\x82\
\xd2\x88\x9f\x35\x9c\xf1\x97\x8c\xb4\x3c\x18\x02\x00\xf4\xc5\x73\
\x13\x9f\xc3\xc0\xa6\x6a\x24\x68\x43\x93\xe1\xe0\x1f\x33\x1b\x9b\
\x6b\x04\x8d\xe0\x55\x00\x08\x6b\xbc\x89\x3d\xc9\x38\x6e\x35\xf4\
\x8c\x79\x88\x39\xce\xf0\x4e\xab\x8d\x3f\xed\x4d\x1b\xc1\x6b\x00\
\xc8\x28\x2e\x9c\xc3\x18\xfb\x2b\x00\x3f\x0f\xc9\xd7\x57\xc8\xb6\
\x72\xce\xff\x54\x91\x5b\x30\xd7\x1b\x0c\xeb\x0e\x80\x51\x2b\x0b\
\xb3\x4c\x26\xcc\x07\xd8\x28\x6f\x0c\xd8\xb8\x7d\xf2\x4a\x9b\x0d\
\x0f\x55\x4e\x2b\x28\xd3\x93\x47\x5d\x01\x90\x55\x6a\x7d\x82\x73\
\x3c\xad\xe7\x00\x7d\xad\x2f\xc6\xf0\x64\x59\x76\xfe\x9f\xf5\xe2\
\x5b\x17\x00\x8c\x2e\x7d\x35\xd9\x66\xb3\x2d\x04\xc3\x24\xbd\x06\
\xe6\xd3\xfd\x70\xac\x33\x99\x4c\xf7\x6c\xce\xbe\x6f\x9f\xa7\xc7\
\xe1\x71\x00\x64\x94\x58\x67\x30\x60\x31\x00\x83\x7a\xef\x3c\x2d\
\x62\xc5\xf4\x4f\x70\xe0\xce\x8a\x9c\xfc\xe5\x8a\x29\x48\x68\xe8\
\x51\x00\x64\x14\x17\xcd\x61\x8c\x3f\x27\x81\x8f\x9e\x2a\x6e\x24\
\xc0\x39\x7b\xac\x22\x37\xcf\x63\x06\xa2\xc7\x00\x90\x51\x6c\x5d\
\xc8\x18\x66\xf5\xcc\xac\x7a\x09\x70\x8e\x45\x15\xb9\xf9\xf7\xa8\
\xa7\xe4\x4a\x41\x73\x00\x8c\xdb\xf0\x94\xf9\x5c\x53\xdc\x87\x00\
\x9f\xee\x09\x86\x7f\xbd\x34\xd9\x0a\xff\xd0\x63\xd7\x6e\x1c\xff\
\x54\x8b\x96\x32\xd0\x14\x00\x43\xd7\x2d\x8a\xf0\x3f\xd3\xbc\x82\
\x01\xe3\xb4\x64\xb2\x87\x56\x9b\x04\x38\xb0\xf1\x5c\xa0\x65\xfa\
\xb6\x49\xb3\x1a\xb4\x92\x89\x66\x00\x18\xb1\xcc\x1a\x63\xb6\xb0\
\x52\x80\xf7\xec\xef\xb5\x9a\x9d\x0e\xe9\xb0\xca\x96\x66\x9e\xfd\
\xe5\x35\xf9\xb5\x5a\x74\xa3\x09\x00\xe8\xcb\x0f\x38\xd3\xf2\x49\
\xcf\xe4\x6b\x31\x25\x52\x68\xb0\xca\xb3\x81\xe6\x29\x5a\x68\x02\
\xd5\x00\xa0\x35\xff\x6c\x53\xec\xba\x1e\xb5\x2f\x65\xe2\xb4\xab\
\x43\xcb\x41\x40\xe8\xf1\x49\x6a\x6d\x02\xd5\x00\xc8\x2c\x29\x5a\
\xde\x63\xf0\x69\x37\xb1\xf2\x28\xb1\x15\xe5\x39\x79\x33\xe4\xb5\
\x71\xac\xad\x0a\x00\x3d\x5b\x3d\x35\xa2\xd7\xa6\x2d\x63\x58\x54\
\x96\xad\x7c\x8b\xa8\x18\x00\x3d\x4e\x1e\x6d\x26\x50\x0b\x2a\x0c\
\xf8\x8f\xb2\x9c\x7c\x45\x0e\x37\x45\x00\x38\xef\xde\x5d\xa6\x05\
\xf3\x3d\x34\x34\x92\x00\xe7\xbf\x2f\xcf\x2d\x58\x2a\x97\x9a\x6c\
\x00\x08\x07\x3b\xdc\xb6\xa5\xc7\xb7\x2f\x57\xd4\x1e\xaf\x5f\xcf\
\x6d\x6c\x78\xc5\xb4\xbc\xbd\x72\x7a\x92\x0d\x80\xcc\x62\xeb\xda\
\x9e\x53\x3d\x39\x22\xd6\xb5\xee\xfa\xf2\x9c\xfc\x2b\xe5\xf4\x28\
\x0b\x00\x3d\xe7\xf9\x72\x44\xeb\x9d\xba\x9c\xe1\xcf\x15\xd9\xf9\
\x4f\x4a\xed\x5d\x32\x00\xda\x22\x79\xd8\x66\xa9\x84\x7b\xea\x79\
\x51\x02\x26\x8c\x2d\xbf\x5a\x5a\x08\xba\x64\x00\x64\x96\x14\x56\
\x78\x3a\x8c\xcb\x74\xf2\x67\xb0\x6f\xbe\x17\x24\x77\xf6\xdc\x59\
\xb4\xd8\x7e\x39\xf7\x68\x6d\x6d\x15\x7e\xf7\xf3\x6b\x0b\x21\x34\
\x9b\xcc\xbf\xfc\xdb\xcf\xec\x45\x69\x4b\xeb\xda\x16\x16\x84\xd6\
\xb0\x60\x34\x27\xc5\x20\xc0\x3f\x40\x5a\x23\xc5\xb5\xd8\x96\xf2\
\x9c\xbc\x11\x52\x9a\x4b\x02\xc0\xf9\x00\x4e\x45\xdb\x0c\x29\x4c\
\xf8\x1d\x3a\x86\xe0\x8f\x0c\x77\x67\x42\x0a\xeb\xb2\xeb\x98\xc2\
\x82\xb1\x2f\x3e\x00\x3f\x0f\x4f\x45\xdf\x5e\x7d\x64\xb7\x97\xdc\
\x80\xb1\x3f\x95\x67\xe7\x3d\xd3\x55\xfd\x2e\x01\x40\xa1\xdb\x66\
\xc6\xf6\x78\x2a\x7a\x97\xfd\x6b\x2f\x42\x3f\xdd\x8e\x98\xd8\x58\
\x64\x64\x64\x22\x35\xed\x22\xc4\xc4\xc6\x74\xc5\xb7\x4f\xfe\xbd\
\x6a\xf7\x6e\x54\x94\x97\xa3\x6a\xf7\x2e\x34\x07\xfb\x63\xc7\xd5\
\x83\xd1\x37\x2e\xc9\x63\x1a\xa1\x15\xad\xa9\x5f\xe4\x3c\x40\x73\
\xe7\xb6\x74\x09\x80\x8c\x52\xeb\xdb\x9e\x8a\xdb\x17\xbf\x7c\x9a\
\xf4\x3f\x3e\xf4\xb0\x4f\x4e\xaa\x12\xa6\x4b\x8b\x57\xa2\xb4\xa4\
\x18\x87\x13\x43\xb0\x27\x3d\x1e\xbd\x22\x63\x3d\xa5\x0d\xfe\x5e\
\x9e\x93\x7f\xb3\x62\x00\x08\x77\xf4\x4c\xf8\x4c\xc9\x20\xa5\xb4\
\x09\x7f\x6b\x0d\x78\x43\x13\x16\xbe\xb1\x44\x4a\xf5\x6e\x55\xe7\
\x9d\xb7\xde\x44\x45\x79\x19\xb6\x0c\x8d\xc3\x89\xa8\x00\x41\x0b\
\x5c\x72\xc1\xc5\x9a\x6b\x03\xc6\xd8\x84\xb2\xec\xbc\x0d\xee\x84\
\xd7\xa9\x06\xc8\x28\x29\x5c\xed\xc9\xeb\x5a\x61\x2f\x2f\x45\x76\
\x4e\x2e\xb2\x73\xa7\x75\xab\xc9\x95\x32\x98\xda\xda\xe3\x78\x7c\
\xce\xa3\xf8\x3e\x39\x1c\x7b\x93\xc3\x85\x26\x04\x02\xed\xb5\x01\
\x5f\x5b\x9e\x53\xe0\xf6\xae\xa5\x5b\x00\x9c\xbf\xa8\xf9\x89\x94\
\xc1\x28\xa9\x63\xf9\xee\x00\x02\xd7\x6e\xc5\xad\xb7\xcf\x44\x46\
\x66\x96\x6c\x12\xa4\x46\x7d\xa9\x64\x64\x65\x21\x26\x26\xd6\x81\
\xe5\x7b\xee\xba\x43\xf8\xfa\x49\x0b\xd8\x17\x02\x42\x4a\x52\x32\
\x22\x42\xda\x80\xa1\xb6\x30\xe0\xea\xb2\x9c\xfc\xd5\x1d\xd1\x71\
\x0b\x80\xcc\x12\x2b\x4d\xbe\xc7\x6e\xe9\x06\x54\x7e\x07\xff\xca\
\x9d\x78\x66\xee\x3c\x17\xc1\x48\x19\x30\xa9\x50\x5f\x29\xb5\xb5\
\x6d\xc1\x3b\xce\x76\xce\xe3\x8f\x3d\x8a\x3d\xad\x8d\x2e\x00\x10\
\xc7\xd5\x2b\x2a\x4e\x1b\x23\x91\x63\x5d\x79\x6e\xfe\x55\x92\x01\
\xe0\xe9\xb5\x5f\x50\x77\x2a\x01\xe0\x2b\x93\x4f\x7c\xd2\x5a\x4f\
\xd6\xbf\x5c\x00\x68\xb9\x2c\x70\x6e\x1a\x57\x91\x7b\x9f\x8b\x3d\
\xd7\xa1\x06\xc8\x2c\xb5\xbe\xe7\xe9\xe4\x0c\x52\x00\x40\x6a\x9e\
\x76\x08\xa9\x69\x69\x3e\x33\xdf\xb4\xd5\xa3\x6d\xac\xbd\xba\x57\
\x03\x00\x71\xe0\xea\x8d\x44\xf6\x8f\xf2\x9c\x3c\x97\x84\x1b\x2e\
\x00\x38\xbf\xef\xf7\xf8\x95\x24\x29\x00\x78\x71\xfe\x0b\xc8\xc8\
\xcc\x54\x64\x23\xe8\x8d\x18\x9a\x64\x5a\x96\x08\xb0\x07\x0f\xfe\
\x28\xf8\x34\xae\xbb\xfe\x06\x81\x0d\x2d\x00\xa0\x85\x36\x68\xe1\
\x3c\xd9\xf9\x2a\xba\x0b\x00\x32\x8a\xad\x4f\x33\x86\x27\x3c\x2d\
\xc0\xee\x06\x00\x5a\xcf\x69\x47\x43\xaa\xfe\xd0\xc1\x1f\xd1\xa7\
\x6f\xbf\x76\x95\xaf\x15\x00\xec\xb5\x81\x12\x23\x91\x73\xfc\xb9\
\x22\xd7\xf1\xa0\xc8\x15\x00\x25\x85\xfb\x18\x98\xc7\x13\x32\xb9\
\x03\xc0\x5b\x4b\x16\x43\x34\x9a\x8e\xd4\x54\x63\xf2\xd4\xdf\x62\
\xd2\x55\x1e\xb3\x45\x35\xc3\x39\x01\x20\x3c\x3c\x1c\x27\x4f\x9e\
\x14\x26\x9e\xb4\xd7\x33\xcf\xcd\xd3\x54\x03\x38\x33\xdb\xb7\x57\
\x92\x2c\x07\x12\x07\xf6\x57\xe4\xe4\x27\xdb\xd3\x71\x00\x80\xa7\
\xb7\x7e\x0e\x5b\x9d\x0e\x8c\x40\x5a\x3f\x97\x2c\x7e\x1d\x29\x29\
\x29\x42\xd5\x5d\xbb\x76\x21\x3d\x7d\x08\x6e\xb9\xf5\x36\xcd\x26\
\xca\x53\x84\xde\x79\x6b\x09\xb6\x6e\xd9\x82\xc9\x53\xa6\xa2\xaa\
\xaa\x0a\xa9\xa9\xa9\xed\xfe\x0d\xad\x35\x80\x83\x1c\x65\xfa\x0e\
\x38\xe3\x53\xec\x73\x14\x39\x02\xa0\xb8\x70\x31\x63\xec\x0e\x4f\
\x09\x49\x2a\x00\xae\x3f\xbf\x76\xae\x58\xbe\x0c\x29\x03\x53\x7d\
\x02\x00\x34\xb6\x36\x5f\x7f\x99\x60\xb4\xda\xfb\x36\x3c\x09\x00\
\x51\xa6\xe4\x33\xa0\x65\xa1\xab\x93\x46\xce\xf9\x92\x8a\xdc\x82\
\x3b\xc5\x76\x0e\x00\xc8\x2c\x29\xac\xd5\x2b\x09\x63\x47\x4b\x80\
\xa8\x01\x7c\x15\x00\xee\x3e\x1c\x3d\x00\x20\xdd\x48\xe4\x27\xca\
\x73\x0a\xda\x4f\xdb\xda\x01\x40\xe9\x57\x01\xae\x5b\x76\x4b\x6f\
\x00\x80\xdc\xaf\x15\x65\x65\x38\x76\xfc\x18\x8e\x1f\x3b\x86\x23\
\x35\x35\x30\x99\x4c\xe8\xdd\x3b\x1e\xb1\x71\x71\x48\xbb\xa8\x6d\
\xcb\xe9\xec\xb1\x53\xab\x11\xf5\x02\x80\x74\x23\x91\x4d\x16\xd3\
\xda\xb6\x03\x20\xa3\xb4\xe8\x45\xc6\x39\xe5\xe8\xd3\xa5\xe8\x09\
\x00\xf1\xf4\x8d\x06\x96\x94\xd4\x07\xf1\x09\xf1\xc2\x18\x7f\xf8\
\xe1\x07\xc4\xc5\xc5\x21\x3e\x3e\x1e\x35\xd5\x35\x38\x75\xaa\x09\
\x87\x0e\x1d\x42\x74\x74\x34\x32\xb3\x46\x6b\x76\x46\xa1\x37\x00\
\xba\xd2\x06\x9c\xb1\x97\x2a\xb2\xf3\xfe\x48\xf5\xec\x35\xc0\x37\
\x00\xd7\x2d\xf1\xb2\x1e\x00\x10\x27\x9e\xac\xf3\x2b\x86\x0e\x45\
\x5a\xda\x45\x0e\xe0\x2e\x11\x1c\x4d\x69\x0e\xbf\x37\x36\x36\x62\
\xf7\xee\x5d\xd8\xbb\x67\x8f\x10\x71\x74\xdb\xcc\x3b\x55\x3b\xa2\
\xbc\x01\x00\x7b\x6d\xe0\x7a\xc0\xc4\x77\x94\xe7\x14\x5c\xda\x0e\
\x00\x4a\xb9\xde\xe2\xc7\x7f\xd4\xe5\xd3\x3f\xdf\x89\xa7\x01\xf0\
\x5f\x2f\xcc\xc3\xd1\x9f\x7e\x42\xca\xc0\x81\x18\x36\x6c\x78\x87\
\x43\xeb\x08\x00\x62\x45\x11\x08\xdf\xef\xdd\x8b\xd1\xbf\x19\xa3\
\x4a\x1b\x78\x13\x00\xe2\x78\x9c\xcf\x15\xcc\xad\xac\x1f\xa5\xba\
\x17\x34\x40\x46\xf1\x2b\x37\x30\x66\x7a\xb7\x3b\x00\x80\xd6\xf9\
\xd7\x5f\x7b\x55\xf0\x25\xdc\x74\xf3\x2d\x9d\x0e\xa9\x33\x00\xd8\
\x03\x81\xea\x0d\x1f\x3e\x02\xd7\xdd\x70\xa3\x22\x11\x19\x01\x00\
\xce\xcb\x02\xe7\xb6\x1b\x2b\x72\xef\x7f\x4f\x00\x40\x66\xb1\x75\
\x01\x18\xee\x57\x34\x3a\x85\x8d\xdc\x69\x80\x17\xe7\x3f\x8f\xa4\
\x3e\x6d\xb1\x72\x87\x0f\x1d\x42\xd6\xe8\xdf\xc8\xda\x06\xbe\x30\
\xef\x39\xe1\xcb\xa7\x92\x93\x3b\x0d\x61\x61\x61\x1d\x72\x48\x5f\
\xf8\xfa\xff\x5d\x87\x8b\x07\x0d\x72\x59\x1a\xec\x1b\x54\x57\x57\
\x83\x00\x10\x12\x12\x82\x71\x13\x26\x0a\x34\x95\x14\xda\xe1\x38\
\x9f\x69\x74\x75\x1a\xa8\xa4\x1f\x29\x6d\x68\xab\x78\x51\x52\xca\
\xdb\xdb\xaf\x9f\x73\x7b\x1b\x00\x4a\xac\x94\x9c\x30\x53\x4a\x63\
\xad\xea\xb8\xf3\x04\xd2\xd7\x52\x7b\xfc\xb8\xd0\x0d\xb9\x55\xb3\
\x73\x73\x25\x9f\x05\x90\xda\xff\xe9\xc8\x11\xc1\x25\x4b\xeb\x38\
\x09\xdd\x1e\x04\xa2\x5a\xaf\xa9\xae\x06\x4d\x6c\x68\x70\x08\x72\
\x46\x0e\x41\x78\x9a\xb0\x1c\x82\xfe\x4e\x45\x04\x8d\x38\xf9\xe3\
\xc6\x8f\x47\x62\x62\x12\xde\xfd\xfb\xff\x68\x1a\xc0\xe2\x2d\x00\
\xd0\x18\x43\x83\x42\x1a\x9a\x66\x2f\x8c\x14\x01\x70\xca\x83\xcf\
\xac\x74\x88\x19\xad\xcf\x02\x68\xb2\x49\x7b\xdc\x78\xd3\xcd\xc2\
\x04\x8a\x93\x4d\xbf\xd3\x6f\x5b\xb7\x6e\xc1\xb6\xad\x5b\x31\x31\
\x39\x09\x97\x5a\x9a\x31\xbc\xa5\xae\x9d\xaf\x33\x41\x6d\x5a\xe2\
\x63\x1e\x89\x35\x3f\x1e\x13\xbe\x54\x9a\x70\xfa\xf2\x69\xf2\x45\
\xe3\x91\x40\xf5\xf5\xd7\x5f\xe3\xe1\x47\xe7\x68\xb2\x55\xf4\x26\
\x00\x02\xfc\xfd\xf9\xd9\x7f\x5f\x62\x62\xf4\xc0\x92\xcd\x82\xdd\
\x5a\x7d\xd9\x52\xe9\x68\x0d\x80\xe7\xe7\x3e\x8b\xa8\xa8\x28\x07\
\x83\x4f\x54\xf3\xf4\x7f\x0b\x03\x0a\x22\xce\xe1\xe2\xa0\xce\xe3\
\x60\x0f\xf9\x85\xe0\xd9\xc3\xe7\xd0\x78\xfa\x0c\xc6\x8c\x1d\xdb\
\xc1\xce\xa1\x18\x7d\xfb\xf7\xc3\xed\x33\xdb\x9d\x69\x52\x87\xec\
\x52\xcf\x9b\x00\x20\x66\x46\xa7\x8d\x4c\x63\xa3\x4b\x8a\x72\x6c\
\xe0\xc5\x8a\x47\xa1\xb0\xa1\x96\x00\x10\x8f\x62\x67\xdd\x73\xaf\
\x0b\x37\xe4\x4e\x0e\x6a\x3d\x87\x67\x22\x9a\x24\x73\x7a\xac\x85\
\xe3\x95\x93\xc1\xb0\xf4\x4a\x14\x34\x80\x7d\x21\x30\xad\x5e\x55\
\x8a\x99\x77\xde\xad\x7a\x7b\xe8\x6d\x00\x24\xc5\x26\x3e\xce\xb2\
\x8a\x0b\x1f\xe4\x8c\xbd\x28\x59\x3a\x1a\x55\xd4\x12\x00\x4b\xde\
\x78\x1d\x21\x21\xc1\x2e\x5f\x2b\xa9\xec\x7f\x7e\xf9\x05\x5e\x8d\
\x6f\x96\xcd\xb5\xa8\x09\x86\x8c\x18\xe9\x42\x97\x42\xba\x87\x5c\
\x31\x54\xd5\xd6\x90\x18\xf2\x36\x00\x12\x62\xe2\xdf\x63\x99\x25\
\x45\x2f\x03\xfc\x01\xd9\x12\x52\xd9\x40\x4b\x00\x50\x70\xa5\xb8\
\xf6\x8b\x6c\xd1\x97\x4a\x46\xdb\xec\xb4\x5e\x0e\xeb\xbd\x1c\xb6\
\xb7\xdb\x02\xf1\xda\x71\x08\xb4\xed\x0b\xd9\x13\xf5\x75\xf5\x78\
\x78\xce\x63\x72\xc8\x19\x6e\x09\x88\x8d\x88\xfd\x82\x65\x96\x58\
\x3f\x02\xf0\x3b\x55\x23\x51\xd0\x58\x2b\x00\xb8\x53\xff\xf4\xf5\
\xd7\xef\xdd\x85\x87\xfd\xdb\x76\x14\x4a\x0a\x2d\x05\x2f\x9e\x8e\
\x44\xf2\xe0\x4b\x5d\xbc\x85\xab\x57\xad\xc2\xdc\x17\xe6\x2b\x21\
\xdb\xde\xc6\xdb\x1a\x20\x2a\x2c\xf2\x00\xcb\x2a\xb6\x6e\xfe\xff\
\x77\xef\xe4\xc7\x65\xab\x1a\xba\xb4\xa0\x50\x29\x21\x61\x04\x80\
\x2f\x2a\x2b\x30\x76\xac\x63\x6e\xca\x8d\x1b\x36\xe0\x82\xd3\xb5\
\xf8\x37\x4b\xbd\x2a\x4e\xdf\xe4\xbd\xb0\xf3\x0c\x77\xd9\xff\x2f\
\x5a\xf8\x1a\xfe\xf8\xd0\x23\xaa\xec\x00\x6f\x03\x80\xb6\x82\xa4\
\x01\x76\x02\x70\x74\x92\xab\x12\x99\xb4\xc6\x5a\x69\x80\x92\x95\
\x2b\x04\xbf\xbd\xb3\xb1\x46\xea\xff\xda\x70\x1b\x26\x06\x9e\x93\
\xc6\x90\x9b\x5a\x5b\xcc\x51\xf8\xa0\xd1\xec\x02\x80\xf7\xdf\x7b\
\x17\x77\xdc\x35\xcb\xb7\x01\x10\x1c\xfa\x33\xcb\x2a\xb1\xd6\x70\
\xa0\xed\x78\x4c\xc7\xa2\x15\x00\xde\x7e\x73\x09\xf6\xec\xa9\x6a\
\x77\x1e\xd9\x0f\xe1\xe5\xfe\x66\xc4\x99\xbb\xbc\xfe\xd8\xe9\xa8\
\xc9\x0e\x78\x7e\x7f\x9b\x83\xc8\xbe\x44\x45\x47\x23\x77\xda\x74\
\x49\x4e\x2a\xf2\x45\xd0\x85\x50\xe7\x1b\x50\xde\xd6\x00\x01\x16\
\xff\x56\x96\x59\x6c\x6d\x04\x73\x7a\x48\x59\x07\x20\x68\x05\x00\
\xd2\x00\x3b\xbf\xfb\x0e\x83\x2f\x71\x3c\xc8\x24\x27\xce\x23\x17\
\x86\xe1\x72\xd3\x19\x55\xa3\x59\x7f\xc6\x1f\xab\x5a\x42\x31\x62\
\xa4\x63\x06\xdc\xcf\x3e\xdb\x88\x19\xd7\xfc\x4e\x12\x00\x8c\x72\
\x16\xe0\x2c\x88\x00\xff\x00\x1b\x2d\x01\x5c\x95\x84\x14\x36\xd6\
\x0a\x00\x74\xe4\xfb\xcf\xaf\xb6\x09\x2e\x5a\xfb\x42\x00\xb8\x2e\
\xac\x45\xf1\x0e\x40\xa4\xb5\xa0\x29\x04\x0d\x91\xf1\x2e\x4b\x0c\
\xd9\x00\x52\x6f\x35\x19\x18\x00\xf0\x79\x00\x90\x7a\x5d\xfc\xc6\
\x22\xdc\xe0\x74\x52\x47\x46\x60\x9f\xe6\x46\xcc\x64\x47\x15\x42\
\xb4\xad\x59\x5e\x8d\x1f\xd2\x47\x66\xb8\xf8\x02\xba\x03\x00\x68\
\x7c\x3e\x0f\x00\xf1\x96\x2d\x1d\xfa\x24\x26\x26\xb6\x4f\x36\xf9\
\x01\xe2\xcc\xc0\x88\xcd\xff\x50\x0c\x00\xda\x06\xce\x3e\xd0\xe2\
\xe2\x63\xa0\x2d\xe6\xf6\xaf\xb7\xe3\xb9\xe7\x5f\x90\x44\xdb\xa8\
\x1a\xa0\x5b\x00\x80\x06\x41\x47\xc0\x91\x91\x91\x2e\x81\x1f\x34\
\x51\x7e\x07\xaa\x14\x6b\x81\xff\x3c\x11\x84\xa8\x01\xa9\x2e\x74\
\x49\xbb\x90\x11\x78\xdb\x4c\x69\x01\xd4\x46\x07\x00\x99\xb8\xa1\
\x92\xa0\xac\x61\x25\xad\x6c\x00\x62\x89\x04\xbc\x7c\xe9\x47\xb8\
\xe1\xc6\x9b\x1c\x38\x14\xbd\x81\xb7\x5c\x10\x83\x29\x7e\x27\x65\
\x71\xff\xf7\xd3\xc1\xf8\xbc\xd1\xe6\xe2\x05\x24\x22\x72\xd4\xbf\
\xc8\x9f\xd2\xcb\xa1\xb2\x98\x96\x59\x39\xc0\x12\x60\x33\xdc\x36\
\x90\x54\x7a\xed\xf1\xb6\xeb\xd4\x1f\xfc\xe3\x7d\x4c\xbc\xf2\xca\
\x2e\x2d\x6d\x6a\x33\x7f\xde\x5c\x5c\x9e\x9e\xee\xb2\x56\xaf\xf9\
\xe4\x63\xd0\xf9\xff\xc4\xd8\x20\xdc\x14\xf4\xb3\x24\x11\xd1\xe4\
\xaf\xae\x6e\x40\x66\x66\x16\x2e\xbd\xec\x32\x87\x36\xf4\xf5\x47\
\x44\x44\x60\xe6\x5d\x77\x4b\xa2\x65\x6c\x00\xd0\x36\xd0\x40\x8e\
\x20\x71\x3d\x8f\x88\x88\x14\x84\xdb\xd0\x50\x8f\xc9\x53\xa7\x62\
\xc6\x35\xbf\xef\x52\xd8\x82\x16\x58\xb6\xd4\xc1\x18\xa4\x25\x80\
\x62\x00\x2e\xbd\xf4\x32\x94\x97\x97\x61\x68\x62\x1c\xa6\xa2\xce\
\xed\x91\x30\xad\xf9\x4f\x1f\xf5\x43\x8b\xd9\x5f\xd8\x56\x7e\xbb\
\x63\x07\xc6\x8d\x9f\xd0\x6e\x5b\x88\x01\x22\x72\x3d\x80\x46\x5d\
\x02\x42\x05\x47\x90\x81\x5c\xc1\x6a\x2e\x86\x10\x78\xde\x5c\xfc\
\x06\xcc\x7e\x66\x61\xcb\x46\x93\x4f\x5f\xab\x68\x1c\xd2\x72\x40\
\x60\xa0\xdf\x23\x83\x03\x31\x20\x32\x0c\xbd\xd1\xe6\x25\xdc\x75\
\x9a\x63\x5f\x5d\xdb\x12\x31\x74\xd8\xb0\xf6\x35\x9f\x0e\x7d\x88\
\x27\x11\x04\xab\x4a\x4b\x71\xf9\x90\x21\xb2\xc3\xc2\x0c\x0b\x80\
\xf3\xae\x60\xc3\x1c\x06\xa9\x01\x00\x4d\x9e\xb8\x14\x90\x8a\xa6\
\x98\x7f\xe7\x9d\x01\xd5\x21\x20\x54\x57\x1f\x16\xee\x01\x1c\x39\
\x52\x83\xde\xf1\xf1\x42\x04\x11\x45\x00\xd9\xef\x22\x44\x95\x23\
\x82\x80\x62\x02\x43\xc3\xc2\xf0\xd0\x23\x73\xba\xd4\x46\xce\x15\
\x8c\x0a\x00\xe1\x30\xc8\x48\xc7\xc1\x6a\x01\x20\x82\x80\x92\x2f\
\x51\x58\xd7\xf8\xf1\x13\x3a\x9d\x2c\x39\x51\xc1\xc2\x6e\xe3\xc5\
\x97\x65\x4f\xbe\x91\x6d\x00\xe1\x38\xd8\x48\x01\x21\x5a\x00\xa0\
\x5d\x13\x3c\x3f\x0f\x2d\x2d\x2d\xc8\xc9\xc9\x75\x1b\x19\xdc\x15\
\x00\xc4\x5d\x04\xdd\x2d\x50\xf2\xe5\x8b\x68\x31\xaa\x06\x10\x02\
\x42\x8c\x14\x12\xa6\x15\x00\x44\x10\x6c\xde\xb4\x09\xe5\x65\x65\
\x48\x19\x98\x22\xec\x0e\x9c\x43\xc4\xdd\x01\x80\x26\x7e\xe3\x86\
\x4f\x85\xc8\x61\x2d\xd2\xd8\x19\x15\x00\x17\xf7\x4b\xbd\xd3\x50\
\x41\xa1\x5a\x02\x40\xfc\xfa\xda\x8c\xc3\xc5\xf8\x7e\xef\x1e\x84\
\x85\x87\x0b\xf7\xf6\x69\xbd\x27\x30\xd0\x24\xf7\xeb\xdf\x1f\xc9\
\xc9\x03\xda\x6d\x83\x3d\x55\x55\x42\x92\x87\xa9\x57\x67\x63\xda\
\x74\x55\xef\x31\xb5\x2f\x17\x46\x05\x40\xff\x5e\x7d\x27\x18\x2a\
\x2c\xdc\x13\x00\xb0\x07\x02\xd1\x2f\xfb\xfc\x73\xc1\x58\xac\xab\
\xfb\x25\x2c\x9c\xea\x44\x45\x45\x63\xe4\xa8\x51\x30\x9b\xcd\xaa\
\x63\xfd\x7c\xc5\x08\xc4\x63\x7f\x63\x86\xba\x18\x22\x02\x60\xcc\
\x98\xb1\x82\x0c\x3f\xfd\x74\xbd\x47\x33\x84\x10\x10\xb4\xba\x0a\
\x2e\x5e\x3d\xaf\xa8\x28\x17\x12\x44\xd9\x27\x86\x34\xa2\x06\x88\
\x09\x8f\x3e\x5a\x9b\xb7\xa0\xb7\xa1\xae\x86\x89\xdb\x38\xfb\xaf\
\x53\xaa\x23\x48\x91\x79\xae\x61\x23\xca\x10\x46\xf7\x11\xc9\x73\
\xb8\xf4\xc3\x0f\x30\x78\xf0\x25\x28\x98\xdd\x76\xdb\xde\x88\x00\
\x08\x0f\x0e\xdf\x79\xf2\x81\xa2\x41\x86\xba\x1c\xea\x3c\x1f\x52\
\x62\x02\x35\x9c\x43\x55\xa4\x28\x32\xf9\xa1\x47\xe7\x08\x2e\xe9\
\x2b\x86\x0e\xc3\x81\x03\x3f\x78\x3c\x49\x94\x1a\x86\x63\x23\x62\
\x17\x1e\xbf\xef\xa5\x7b\x05\x00\x18\xe5\x7a\xb8\x2f\x03\x60\xde\
\x73\xcf\x62\xff\xbe\xef\x85\x73\x0b\xf2\x41\xd8\x1f\xfe\x18\x51\
\x03\x8c\xb9\x78\xd4\x2f\xd7\xc3\x49\xf0\x99\x25\x85\xdf\x00\xcc\
\xab\x09\x22\x7c\x19\x00\xeb\xd6\xae\xc1\x9a\x8f\x57\xa3\xa9\xa9\
\x49\x78\xfc\xe2\xd6\xdb\x66\xb6\x07\x8c\x1a\x0d\x00\x31\x11\xd1\
\x75\xb5\xf7\x2d\x88\x26\x79\x1b\x2a\x45\x8c\x2f\x03\x40\xf4\x3d\
\x90\x21\xeb\x9c\xfd\xdc\x68\x00\x88\x8b\x8c\xad\x3c\x76\xef\x4b\
\x19\x0e\x00\x30\x42\x92\x28\x5f\x07\x80\xbb\x35\xd9\x68\x00\x48\
\x8c\x4b\x7c\xb8\xfa\xce\x79\xc2\xad\x16\x43\xa5\x89\xeb\x01\x80\
\x1a\xb3\x4e\x46\xdb\xc7\xfe\xd6\x3e\xef\x86\x4a\x14\xd9\x11\x00\
\xdc\x0d\xcb\x39\xf5\xba\xf8\x95\xc9\x10\x83\x6e\x55\x45\x7f\x83\
\x92\x74\xf1\x5a\x33\x19\x11\x12\xb1\xa7\xe1\x7e\x6b\xaa\x48\xd7\
\xeb\xa9\x62\x3b\x0b\xae\x20\xc1\xd1\x9a\xea\x5c\xc8\x79\xe3\x9c\
\x6e\xc5\x5d\x5d\xad\x05\xa8\x94\x5e\x47\x3c\x7b\xe3\x62\x48\x6a\
\xbf\x81\xb7\x56\xdd\xf4\xc4\x7f\x77\x08\x00\xfa\x31\xa3\xc4\xba\
\x8f\x01\x1e\x4f\x16\x2d\xbe\x18\xa6\xf4\xc9\x18\xa5\x13\x61\xa4\
\x76\xe4\x3b\xa0\x97\xc3\x76\x0c\x8a\xd2\x85\xad\xb0\xe0\xd0\x33\
\x8d\x0f\xbc\x16\x64\xdf\x99\xd7\xd2\xc5\xd3\x2b\xa1\x21\x6f\x7e\
\x2c\x58\xcc\x04\x82\x5f\x5b\x11\x6f\x35\xd3\xe4\x13\x08\xf4\x28\
\x89\xb1\x89\x2b\xab\xef\x9a\x37\xbd\x53\x00\xe8\xf5\x60\x04\x31\
\x11\x5e\xb9\x0b\xbc\xf2\x5b\xc5\x0f\x47\xe9\x21\x34\x4f\xf5\x41\
\x5f\xbf\x2d\x24\x10\xeb\x32\x1c\x1f\x92\xf2\x54\x7f\x44\x37\x21\
\x36\x7e\x4c\xcd\x5d\x2f\x7c\xde\x29\x00\xe8\x8f\x7a\x3c\x19\x43\
\xfd\x08\x5a\xe0\xa3\x4d\x88\x34\x07\x60\xb4\x86\xa9\x59\x3d\x29\
\x44\xb5\xb4\xc9\xa6\x79\xe7\xed\x37\x85\xcb\xac\xe2\x9b\x81\x6a\
\x69\x4a\x69\x1f\x19\x16\xb9\xbf\x3e\xbf\xd0\xe1\xad\x00\x6a\xd7\
\xf1\x9b\x41\x1e\x7e\x30\xd2\x9e\x61\x02\x41\xe0\x27\x5f\xc2\xaf\
\xba\x56\xf0\xa0\x91\xb1\x14\x13\xd3\x96\xcc\xfa\x64\x43\x83\x94\
\xb1\x21\x3c\x22\x42\x52\x3d\xad\x2b\xc9\xe1\x8f\x0e\x8a\xe8\x86\
\x30\x15\xfa\xf2\xb7\x5d\x14\x26\x3c\x19\xa7\x57\x49\xe9\x33\xe0\
\x0f\x7b\x6f\x79\xea\x03\xe7\xfe\xbc\xf6\x6c\x9c\x33\x23\x47\x3f\
\xab\x40\xe0\x4f\x0d\x88\x3c\x07\x84\x1c\xa7\xac\x75\xdd\xab\xd0\
\x5b\xc1\x8d\x01\x0c\x75\x51\x01\xed\x0f\x45\xea\x35\xc2\xe8\xf0\
\xa8\xc3\x27\xf2\x5e\xe9\xf0\xa5\x6a\xaf\x3d\x1c\xe9\x3c\x78\x7a\
\x2e\x7e\xc7\x0f\x3b\x85\x67\xe3\xa9\x5c\xb1\xb3\x01\x53\x12\xd2\
\xdc\xe6\xf9\x15\xdb\x6f\xd8\xb0\x01\x1b\x1a\x0f\xea\x66\x49\x8b\
\xfd\x0e\xda\x7f\x0a\xd3\xa3\x06\x74\xc9\x1f\x85\xa6\x13\x7f\xdf\
\xe8\x64\xe9\x77\x04\xaa\xc4\xd8\x84\x47\xaa\xef\xea\xf8\x22\x63\
\xa7\xd9\x13\x3c\xfd\x74\x6c\x47\x20\xd8\x56\xf5\xb5\xf0\x73\xe6\
\x57\xb5\x18\x97\x3c\xb8\x4b\x01\x53\xd8\x76\x69\xf5\x4e\xfc\x4b\
\x67\x01\x0f\xdd\x79\x12\x93\x13\x5c\xef\x0d\x3a\x8f\x89\xf8\x5b\
\x55\xbd\x0b\xdb\x07\xb5\x5d\x76\xd1\xbb\x44\x85\x45\x1d\xaa\xcb\
\x7f\xa5\xaf\xbb\x7e\x3b\x05\x80\x1e\x0f\x48\x3a\x33\x76\xf0\xe8\
\x21\x1c\x3c\x7a\x58\xb2\x06\xd8\xb2\x65\x0b\x3e\xac\xab\xd2\x5d\
\xad\x0e\xd9\xd9\x80\xdf\x84\x26\xb9\xe4\x0d\xe8\x08\x00\x1f\x9c\
\xd0\x9f\x3f\x91\x8f\xde\xd1\xbd\x1f\xf8\x69\xd6\xfc\x57\x14\x01\
\x80\x1a\x79\xf2\xf9\x78\x77\x4c\x7d\xbb\x7f\x27\x42\xf7\xd4\x60\
\x46\x6b\x2f\x4c\xe8\x22\xb6\x7f\xe9\xca\xe5\xf8\x22\xe8\x67\xdd\
\x01\x90\x54\x7d\x0a\xd3\x5b\xe2\x30\x71\xc2\xc4\x4e\x3f\xea\x65\
\x2b\x97\xa3\xd2\x0b\xfc\x11\x53\x91\x61\x11\x7b\xeb\xf3\xad\x03\
\x3b\x63\xb0\xcb\x04\x3a\xe7\xfd\x02\x7b\x00\xf8\xe9\xa5\xbe\xc8\
\x0e\x38\xb4\xed\x2b\xa4\x7f\x51\xed\x72\x37\xdf\x9e\x07\x31\x6e\
\x7f\x53\x56\x3c\x4e\x07\x99\xf5\x62\x4f\xe8\x27\xba\xee\x2c\x86\
\x6f\x3b\x66\x58\xfe\x88\xc7\x11\x83\x47\xb8\x3c\x14\xe9\x2c\xa4\
\x2e\x01\x20\x68\x81\xe2\xc2\x39\x8c\xb1\xe7\xf4\x94\x70\xc3\xa9\
\x93\x08\x58\x5d\x89\x8b\x6d\x21\xb8\x6a\xc2\x95\x2e\x31\xfd\x34\
\xf9\x1f\xaf\x5f\x8b\xad\xc1\x67\x74\xff\xfa\x45\x39\xa4\x7f\x57\
\x8f\x41\x3c\x04\x93\x27\x4c\x32\x1c\x7f\x09\x31\xbd\x3f\xaa\xb9\
\x7b\xfe\xb5\x5d\xcd\x99\x24\x00\x08\x46\x59\x49\x61\x05\xc0\x1c\
\x33\x25\x75\x45\x5d\xe5\xdf\xc9\x1e\x88\xde\xf8\x2d\xe2\xab\x9b\
\x10\x93\xd0\x5b\xb8\x9b\x47\xa5\xa9\xb1\x11\xb5\x35\x3f\xe1\xfb\
\xe4\x70\xaf\x4d\xbe\x38\xb4\xcb\xbf\xab\x77\xcb\x9f\x9e\x7e\x7e\
\x7b\x51\x87\x06\x85\x9e\x6c\x9a\xfd\x9a\x24\xe7\x88\x64\x00\x8c\
\x5a\x59\x98\x65\x32\xb1\xcd\x2a\xe7\x54\x56\x73\x5a\x0a\xf6\x1e\
\xde\x07\x3a\x38\x22\x95\x2b\x96\xd3\x81\x7e\x82\x13\x45\x6f\xb5\
\xef\x8e\x79\xe2\xcd\x48\xfc\xc5\x47\xf7\x2e\x38\x32\x6b\xbe\x55\
\x8a\xb0\x25\x03\x80\x88\x65\x95\x5a\x9f\xe0\x1c\x4f\x4b\x21\xac\
\x55\x1d\x67\xff\x80\x56\x74\xbb\x2b\x9d\x98\x88\xe8\x8d\xb5\xf7\
\x2d\x70\x4c\x71\xde\xc9\x60\x65\x01\x40\x58\x0a\x8a\xad\x6b\xc1\
\x30\x49\x4f\x01\x92\x3d\x40\x3b\x83\x9e\xd2\xb9\x04\x42\x83\x42\
\xea\x9a\x66\x2f\x14\x82\x3d\xa5\x16\xd9\x00\x18\x5d\xfa\x6a\xb2\
\x8d\xdb\xb6\x90\x21\x2c\xb5\x13\x2d\xea\x89\xfe\x01\x2d\x68\x75\
\x47\x1a\x94\xef\x67\xf8\x45\x57\x0c\xdc\x9c\x7d\xdf\x3e\x39\xe3\
\x93\x0d\x00\x22\x9e\x51\x62\x9d\xc1\x80\x65\x72\x3a\x52\x5b\x57\
\xb4\x07\x48\x1b\xf4\x14\x57\x09\x24\xf5\x4a\x7a\xe2\xf0\x1d\x73\
\xff\x22\x57\x36\x8a\x00\x20\x80\xa0\xb8\x68\x0e\x63\x5c\xd7\xad\
\x61\x8f\x3d\xd0\xf1\xf4\x46\x87\x47\xaf\x3f\x91\xb7\xe0\x4a\xb9\
\x93\x4f\xf5\x15\x03\xa0\x0d\x04\xd6\x85\x8c\x61\x96\x92\x8e\x95\
\xb6\xe9\xb1\x07\x1c\x25\x17\x11\x12\xbe\xbb\xe1\xfe\x22\xc5\xd9\
\xde\x55\x01\x40\x30\x0a\x4b\x8a\x96\x03\xdc\x21\xcc\x48\xe9\xe4\
\x4a\x6d\xd7\x63\x0f\xb4\x49\x2a\x24\x30\xf8\xf8\xa9\x07\x17\xc5\
\x49\x95\x5b\x47\xf5\x54\x03\x60\xdc\x86\xa7\xcc\x67\x9b\x62\xd7\
\x31\xc0\xf1\xc5\x06\x35\x5c\x75\xd1\xb6\xc7\x1e\xa0\x77\xff\x42\
\xeb\x87\x5d\xde\x3b\x6e\xe3\xf8\xa7\x5a\xd4\x88\x5a\x35\x00\xa8\
\xf3\xa1\xeb\x16\x45\x04\x9c\x69\xf9\x04\xe0\xba\x79\x0a\x09\x04\
\xe2\xd1\xb1\x1a\x01\xf8\x62\x5b\xf2\xf4\xa5\x0d\x4e\xef\xb7\x6d\
\xd2\x2c\x69\x21\x53\x9d\x0c\x52\x13\x00\x10\xfd\x11\xcb\xac\x31\
\x66\x0b\x2b\xd5\x13\x04\x47\xeb\x8e\x09\x9e\xc2\x5f\x53\xa1\xc9\
\x1f\xd4\x6f\x70\xf2\x97\xd7\xe4\xb7\xa5\x53\x55\x59\x34\x03\x80\
\xa8\x09\xfc\xcf\x34\xaf\xd0\x73\x39\xf8\x35\xd9\x03\xa4\xf6\xd3\
\x06\xa7\x5f\xa0\xc5\x97\x2f\xe2\x46\x53\x00\x10\x51\xb2\x09\xce\
\x35\xc5\x7d\xa8\x97\x61\xf8\x6b\xb1\x07\xc8\xe0\x1b\x9e\x9e\x90\
\xa0\x76\xcd\x77\x56\x18\x9a\x03\x40\xec\x20\xab\xd4\xba\x90\x73\
\x7d\xb6\x88\xdd\xdd\x1e\x50\xbb\xd5\xeb\x6c\x95\xf0\x18\x00\xa8\
\xd3\xac\x12\xeb\x63\x1c\x78\x56\xe5\x32\x25\xa9\x79\x77\xb5\x07\
\xd4\x38\x79\xa4\x08\xce\xa3\x00\x20\x06\x32\x8b\x0b\x7f\x07\xc6\
\x16\x53\x84\x92\x14\x86\xd4\xd4\xe9\x4e\xf6\x00\xf9\xf6\x63\xa3\
\x62\x9f\x52\xe2\xde\x95\x23\x43\x8f\x03\x80\x98\xc9\x58\x59\x94\
\xc2\x4c\x7c\x21\x80\xce\x03\xe8\xe4\x70\xde\x41\xdd\xee\x62\x0f\
\xd0\xa9\x5e\x7a\xca\x65\xc3\xe4\x1e\xec\x28\x11\x9f\x2e\x00\x10\
\x19\xcb\x28\xb5\x3e\xcd\x38\x9e\x50\xc2\xa8\xd4\x36\xbe\x6e\x0f\
\xc8\x3d\xcf\x97\x2a\x17\x77\xf5\x74\x05\x80\xb0\x24\xac\xb2\x8e\
\x81\x0d\x94\x9e\x64\xb8\x5a\xe6\xdd\xb5\xf7\x45\x7b\xc0\xdf\xe2\
\x7f\x36\x29\x2e\xe1\xe6\xfd\xb7\xfe\x95\xd2\xf7\xeb\x56\x74\x07\
\x80\x38\xb2\xcc\xd2\xa2\xc7\xc1\xf9\x5f\x3d\x35\x52\x5f\xb1\x07\
\x02\x2c\x01\x08\x09\x0a\x5e\x7f\x22\xef\x15\x45\xa7\x79\x6a\xe5\
\xe7\x35\x00\x10\xe3\x23\x4b\x16\x0c\xf4\x83\xdf\x93\x00\x1c\x5f\
\x7b\x52\x3b\x2a\x40\xb8\x62\x46\x5e\x42\x23\xc7\x0f\xf4\x8a\x8a\
\xdb\x7e\x41\xe2\x85\x33\xbe\xcc\x2d\xd8\xaf\xc1\x90\x15\x91\xf0\
\x2a\x00\x44\x8e\xb3\x4a\x8b\xc6\x73\x8e\x39\x00\xbf\x4a\xd1\x28\
\xdc\x34\x32\xaa\x3d\x10\x12\x18\x7c\x22\x21\x36\xe1\xde\x8e\x6e\
\xeb\x6a\x39\x7e\x29\xb4\x0c\x01\x80\x76\x20\x94\x58\x7f\xcb\x19\
\x66\x83\x6b\x17\x73\x68\x24\x7b\x20\x34\x28\xe4\x44\x62\x5c\xe2\
\x83\xf6\x39\x7a\xa4\x4c\x92\x27\xeb\x18\x0a\x00\xed\xbb\x85\xe2\
\x57\xc7\x32\xc6\xef\x05\xf8\x1f\xb4\x18\xbc\xb7\xed\x81\xde\xd1\
\xbd\x76\x84\x05\x87\xfd\xc5\x08\x5f\xbc\xb3\x3c\x0d\x09\x00\x91\
\x49\xba\x96\xe6\x07\x76\x1b\x18\xbf\x85\x81\x29\x4e\x5c\xe5\x8d\
\x50\x32\x7f\x4b\x40\x4b\x58\x70\x68\xd9\x80\x3e\x03\x6e\xf7\xe6\
\x1a\xdf\xd5\x07\x64\x68\x00\xd8\x33\x9f\x51\x5a\x38\x19\x36\x5c\
\xcb\x18\x66\x00\x4c\x76\x44\xb2\x1e\xf6\x00\x79\xef\xc2\x43\xc2\
\xb6\x47\x85\x47\xbd\x6c\x24\x35\xdf\x19\x08\x7c\x06\x00\xf6\x83\
\xa0\xb4\xb6\x9c\x61\x0a\x13\x6c\x05\x2e\x39\xc1\xb5\x27\xec\x01\
\x7f\x8b\xff\xb9\x88\x90\xf0\xaf\x2c\x16\xff\xa5\x62\xfa\xd5\xae\
\xbe\x3a\x23\xfd\xdd\x27\x01\x60\x2f\x40\x4a\x75\xdf\x6c\x6a\x1d\
\xcd\x60\x1a\x05\x86\x61\x00\xd2\x01\x04\xbb\x13\x32\x6d\x0d\x09\
\x08\x4a\x4a\x80\xbf\x3f\xb7\xf8\x59\x4e\x06\xfa\x07\xed\x0a\xf2\
\x0f\x5c\x77\x61\x6c\x9f\xd7\x37\x4d\xcf\x3b\xa8\x84\x96\x51\xda\
\xf8\x3c\x00\x3a\x12\xe4\xe8\x65\xd6\x54\x58\x58\x1a\xe7\xb6\x14\
\xce\x4c\xfd\x01\xde\x87\x71\xc4\x73\x86\x98\x33\xe7\xce\xc6\x7c\
\xbb\x7f\x67\xcc\xd9\xe6\xb3\x26\xb1\x6d\x80\xbf\x90\xac\xc9\x06\
\xce\xb9\xc5\xe2\x7f\x16\x9c\x37\x5b\xcc\x96\x7a\x3f\x93\xf9\x88\
\xc5\x6c\xde\x67\x62\xa6\x1d\x17\xc6\xf4\xfd\x68\xf3\x35\xf9\x55\
\x46\x99\x38\xad\xf8\xf8\x3f\xb5\x5b\xae\x3c\x00\x7d\xd8\xba\x00\
\x00\x00\x00\x49\x45\x4e\x44\xae\x42\x60\x82\
\x00\x00\x05\x96\
\x89\
\x50\x4e\x47\x0d\x0a\x1a\x0a\x00\x00\x00\x0d\x49\x48\x44\x52\x00\
\x00\x00\x80\x00\x00\x00\x80\x08\x06\x00\x00\x00\xc3\x3e\x61\xcb\
\x00\x00\x05\x4b\x49\x44\x41\x54\x78\x01\xec\x9c\xbf\x6e\xd4\x40\
\x10\xc6\x9d\xbb\x28\x0f\x03\x94\x34\x08\x21\x91\x3e\x0d\x4d\x24\
\x5a\x9e\x21\xff\xae\x4a\xba\x28\x4a\x4a\x9e\x82\x97\xc8\x49\x34\
\x34\x88\x2a\x50\x40\x89\x10\x54\x88\x82\xf2\xee\x32\x73\xf1\x4a\
\x91\x75\xf6\xae\xcf\xbb\xb3\xb3\x9e\x2f\xda\x89\xcf\xe7\xf5\xce\
\xcc\xf7\xfd\xe4\xe8\x1c\x27\x93\x0a\x5f\xa6\x15\x00\x00\xa6\xed\
\xaf\x2a\x00\x00\x00\x8c\x2b\x60\xbc\x7d\x5c\x01\x00\x80\x71\x05\
\x8c\xb7\x8f\x2b\x00\x00\x30\xae\x80\xd1\xf6\x5d\xdb\xb8\x02\x38\
\x25\x8c\x6e\x01\x80\x51\xe3\x5d\xdb\x00\xc0\x29\x61\x74\x0b\x00\
\x8c\x1a\xef\xda\x06\x00\x4e\x09\xa3\x5b\x00\x60\xd4\x78\xd7\x36\
\x00\x70\x4a\x18\xdd\x02\x00\x63\xc6\x37\xdb\x05\x00\x4d\x45\x8c\
\xed\x03\x00\x63\x86\x37\xdb\x05\x00\x4d\x45\x8c\xed\x03\x00\x63\
\x86\x37\xdb\x05\x00\x4d\x45\x8c\xed\x03\x00\x63\x86\x37\xdb\x05\
\x00\x4d\x45\x8c\xed\x03\x00\x23\x86\xb7\xb5\x09\x00\xda\x94\x31\
\xf2\x3e\x00\x30\x62\x74\x5b\x9b\x62\x00\x5c\x5e\x5e\xbe\xce\x1d\
\x6d\x22\x3c\x7e\xff\xe6\xe6\xe6\x49\xee\x3a\x39\xff\xe3\x9a\x52\
\xbe\x16\x03\x80\x9b\x98\x4e\xa7\xb7\x39\xe3\xfa\xfa\xfa\x9c\xeb\
\xe8\x8a\xa3\xa3\xa3\xaf\x74\xfc\x27\xd5\xf9\x9e\x22\x4b\xbd\x94\
\x5f\x6c\x88\x02\x20\xd6\x55\x4b\xa2\xd5\x6a\x75\x11\x02\xc1\x6c\
\x36\xfb\xb1\x5c\x2e\x5f\xd2\x32\x77\x14\xa3\x1e\xa6\x00\x60\x27\
\x43\x21\x38\x3b\x3b\xfb\x77\x72\x72\xf2\x8c\xce\x19\x35\x04\xe6\
\x00\x20\x43\xab\x50\x08\x78\xee\xd8\x21\x30\x09\x00\x1b\xcb\x10\
\x5c\x5d\x5d\x5d\xf0\x6b\x5f\xd4\x10\x7c\xf2\xcd\xd3\x78\xdc\x57\
\x93\x59\x00\x58\x98\x9d\x9d\x9d\xf3\x1e\x10\xbc\xa0\x73\xe6\x14\
\xa3\x1a\xa6\x01\x60\x27\x7b\x42\xb0\x4f\xe7\x8c\x0a\x02\xf3\x00\
\x90\xa1\x95\x65\x08\x00\x00\x13\x40\x61\x15\x02\x00\x40\xe6\xbb\
\xd1\x07\x02\x9a\x7b\x40\xe7\x15\xff\xe3\x40\x25\x00\x8b\xc5\x62\
\x3f\x57\xd0\x0d\xa0\x79\xc8\xad\xd8\xe3\xe3\xe3\xff\x04\xc0\x5b\
\x8a\x8f\x14\xc5\x0e\x95\x00\xb0\x9a\x74\x37\x6e\x9e\x33\xb8\x06\
\x5f\xd0\xc7\xc3\xdf\xbb\xbb\xbb\xef\xe8\x6a\xf0\xc5\x37\x57\xeb\
\x71\xb5\x00\x68\x15\xac\x59\x17\x5d\x31\xf6\xe8\x9e\xc2\x5e\xf3\
\xfd\xdc\xfb\xa1\xf9\x01\x40\xa8\x52\x1b\xe6\xf1\x6f\x0e\x09\x80\
\x0f\x74\xe8\x29\x45\x91\x03\x00\x6c\x69\xdb\x18\xcc\xe7\xd6\x01\
\x00\xab\xd0\x33\xc6\x62\x3e\xb7\x0d\x00\x58\x85\x1e\x31\x26\xf3\
\xb9\x6d\x00\xc0\x2a\x04\xc6\xd8\xcc\xe7\xb6\x01\x00\xab\x10\x10\
\x63\x34\x9f\xdb\x06\x00\xac\x82\x27\x06\x9a\xcf\x0f\x94\x70\x78\
\xb2\xe4\x39\x0c\x00\x3c\xba\x0f\x35\x7f\x32\x99\x1c\x72\x50\x1a\
\x11\x08\x28\x4f\xaf\x01\x00\x3a\xe4\x8a\x61\x3e\x3f\x64\xca\x41\
\x69\xde\x50\xa8\x83\x00\x00\x90\x2b\x9b\x46\x2c\xf3\xdd\xda\x74\
\xdb\xf8\x3b\xfd\x7e\xe3\x15\xed\xab\x82\x00\x00\x90\x23\xcd\x11\
\xdb\x7c\xb7\x3e\xfd\x6e\xe3\x2f\x81\xa0\xea\x41\x53\x00\xe0\xdc\
\xa9\xb7\xa9\xcc\xaf\x97\x5f\x6f\x34\x41\x00\x00\xd6\x96\x3c\x7c\
\x93\x30\xff\x21\x53\x55\xd5\x10\x7c\x76\xfb\xb9\xb6\x00\xa0\x56\
\x5e\xd2\xfc\x3a\x25\x43\xf0\x9c\x5e\x67\x7d\xa8\x04\x00\x90\x03\
\x39\xcc\xa7\xb4\xeb\x41\x57\x82\xac\x0f\x9a\x02\x80\xb5\x0d\x5b\
\x7f\xbb\xe3\xcf\xf8\xf5\xc7\xbc\xad\x17\x89\x01\xc1\xb6\xc9\x01\
\x00\x29\xc7\x06\xb2\x91\xf4\xb2\xcf\x47\xb4\x28\xe6\x53\xce\xf5\
\xc8\x05\x01\x00\x58\xcb\x5f\x55\x3d\x21\x88\x6a\x7e\x5d\x02\x3f\
\x9e\x7e\x20\xfd\x78\x19\x00\x70\xea\xd3\x36\x10\x82\xad\xcc\x0f\
\x7d\xd0\x74\xb9\x5c\xf2\xd3\xc6\x54\x8d\xcc\x00\x00\x0d\x9d\x3d\
\x10\x6c\x65\xbe\x4b\x11\xf2\xa7\xe9\xa7\xa7\xa7\xbf\xe8\xc7\xd1\
\x1f\x77\x4e\xea\x2d\x00\xd8\xa0\x70\x0b\x04\x83\xcc\xe7\x34\xab\
\xc0\xff\x4f\x40\x10\x7c\xe3\xf9\x12\x01\x00\x5a\x54\x6e\x40\x30\
\xd8\x7c\x97\x26\x14\x02\x37\x3f\xf5\x16\x00\x74\x28\xec\x20\xa0\
\x4b\xf2\x21\xbf\xee\x98\xda\xeb\x90\x26\x08\x00\x80\xc7\x3a\x36\
\x9e\xc3\x33\xad\xf7\x61\x86\x20\xf4\x4f\xd3\xbb\x16\x1f\x7a\x0c\
\x00\x0c\x55\x70\xc0\xf9\xf4\x91\x2f\xf8\xff\x13\x0c\x48\xd3\x79\
\x2a\x00\xe8\x94\x27\xfd\xc1\xdc\x10\x00\x80\xf4\x1e\x7b\x33\xe4\
\x84\x00\x00\x78\xed\x91\x99\x90\x0b\x02\x00\x20\xe3\x6f\x50\x96\
\x1c\x10\x00\x80\x20\x6b\xe4\x26\x31\x04\x21\xb7\x8d\x63\x55\x04\
\x00\x62\x29\x59\xe8\x3a\x00\xa0\x50\xe3\x62\x95\x0d\x00\x62\x29\
\x59\xe8\x3a\x00\xa0\x50\xe3\x62\x95\x0d\x00\x62\x29\x59\xe8\x3a\
\x00\xa0\x50\xe3\x62\x95\x0d\x00\x62\x29\x59\xe8\x3a\x00\xa0\x50\
\xe3\x62\x95\x0d\x00\x62\x29\x59\xe8\x3a\x00\xa0\x30\xe3\x62\x97\
\x0b\x00\x62\x2b\x5a\xd8\x7a\x00\xa0\x30\xc3\x62\x97\x0b\x00\x62\
\x2b\x5a\xd8\x7a\x00\xa0\x30\xc3\x62\x97\x0b\x00\x62\x2b\x5a\xd8\
\x7a\x00\xa0\x30\xc3\x62\x97\x0b\x00\x62\x2b\x5a\xd8\x7a\x00\xa0\
\x10\xc3\x52\x95\x09\x00\x52\x29\x5b\xc8\xba\x00\xa0\x10\xa3\x52\
\x95\xa9\x16\x00\x7e\x30\x72\x4c\x91\xca\xc0\xa1\xeb\xaa\x04\x60\
\x3a\x9d\xde\x8e\x31\x86\x9a\x95\xe2\x7c\x95\x00\xa4\x68\x14\x6b\
\x6e\x56\x00\x00\x6c\xd6\xc5\xcc\xbb\x00\xc0\x8c\xd5\x9b\x1b\x05\
\x00\x9b\x75\x51\xf3\x6e\xea\x42\x00\x40\x6a\x85\x95\xaf\x0f\x00\
\x94\x1b\x94\xba\x3c\x00\x90\x5a\x61\xe5\xeb\x03\x00\xe5\x06\xa5\
\x2e\x0f\x00\xa4\x56\x58\xf9\xfa\xa2\x00\x2c\x16\x8b\x7d\x84\x5f\
\x03\x49\x66\xc4\x00\x98\xcd\x66\x73\x44\xb8\x06\x52\x10\x88\x01\
\x20\xd5\xd0\x58\xf2\x48\xf5\x01\x00\xa4\x94\x56\x9a\x07\x00\x28\
\x35\x46\xaa\x2c\x00\x20\xa5\xb4\xd2\x3c\x00\x40\xa9\x31\x52\x65\
\x01\x00\x29\xa5\x95\xe6\x01\x00\x4a\x8d\x91\x2a\x0b\x00\x48\x29\
\xad\x34\x0f\x00\x50\x66\x8c\x74\x39\x00\x40\x5a\x71\x65\xf9\x00\
\x80\x32\x43\xa4\xcb\x01\x00\xd2\x8a\x2b\xcb\x07\x00\x94\x19\x22\
\x5d\x0e\x00\x90\x56\x5c\x59\x3e\x00\xa0\xcc\x10\xe9\x72\x00\x80\
\xb4\xe2\xca\xf2\x01\x00\x25\x86\xe4\x2a\x03\x00\xe4\x52\x5e\x49\
\x5e\x00\xa0\xc4\x88\x5c\x65\x00\x80\x5c\xca\x2b\xc9\x0b\x00\x94\
\x18\x91\xab\x0c\x00\x90\x4b\x79\x25\x79\x01\x80\x12\x23\x72\x95\
\x01\x00\x72\x29\xaf\x24\x2f\x00\xc8\x6c\x44\xee\xf4\xf7\x00\x00\
\x00\xff\xff\x11\xaf\xca\x6e\x00\x00\x00\x06\x49\x44\x41\x54\x03\
\x00\xda\xa9\xc0\x3d\xba\xb0\xcf\x23\x00\x00\x00\x00\x49\x45\x4e\
\x44\xae\x42\x60\x82\
\x00\x00\x05\xac\
\x89\
\x50\x4e\x47\x0d\x0a\x1a\x0a\x00\x00\x00\x0d\x49\x48\x44\x52\x00\
\x00\x00\x80\x00\x00\x00\x80\x08\x06\x00\x00\x00\xc3\x3e\x61\xcb\
\x00\x00\x05\x61\x49\x44\x41\x54\x78\x01\xec\x9b\x3d\x6f\x13\x41\
\x10\x86\x93\x98\x2a\x48\x14\x74\x11\x0d\x54\x48\x44\xa2\x22\x1d\
\x45\x02\x1d\x1d\x0d\xa2\x43\x14\x74\x74\x44\x89\x4c\x83\x29\x90\
\x15\xdb\x4a\x0a\x44\x43\x81\x28\x90\x90\x5c\x43\x89\x12\x89\x02\
\x29\x54\x14\xf0\x13\x68\x10\xff\xc0\x1f\xcc\x48\x5c\x14\xce\x77\
\xe6\xbc\x3b\x3b\x3b\x9b\x7d\x91\x47\x97\xdb\xdc\xcd\xc7\xfb\x3e\
\x59\x3b\x38\x5e\x59\xc2\xbf\xac\x15\x00\x00\x59\xdb\xbf\xb4\x04\
\x00\x00\x40\xe6\x0a\x64\x3e\x3e\x76\x00\x00\x90\xb9\x02\x99\x8f\
\x8f\x1d\x00\x00\x64\xae\x40\xa6\xe3\x17\x63\x63\x07\x28\x94\xc8\
\xf4\x08\x00\x32\x35\xbe\x18\x1b\x00\x14\x4a\x64\x7a\x04\x00\x99\
\x1a\x5f\x8c\x0d\x00\x0a\x25\x32\x3d\x02\x80\x4c\x8d\x2f\xc6\x06\
\x00\x85\x12\x99\x1e\x01\x40\x66\xc6\x97\xc7\x05\x00\x65\x45\x32\
\x3b\x07\x00\x99\x19\x5e\x1e\x17\x00\x94\x15\xc9\xec\x1c\x00\x64\
\x66\x78\x79\x5c\x00\x50\x56\x24\xb3\x73\x00\x90\x99\xe1\xe5\x71\
\x01\x40\x59\x91\xcc\xce\x01\x40\x26\x86\xd7\x8d\x09\x00\xea\x94\
\xc9\x64\x1d\x00\x64\x62\x74\xdd\x98\x6a\x00\x74\xbb\xdd\x4d\x8b\
\x51\x25\xcc\xde\xde\xde\x8d\xaa\x75\xa9\xb5\xc1\x60\x70\x4d\x2a\
\x97\x6f\x1e\x35\x00\xb8\xd1\x56\xab\x75\x68\x2d\xb8\xaf\x72\x2c\
\x2f\x2f\xf7\x19\xd6\xf2\xba\xc4\x79\xaf\xd7\x7b\x31\x99\x4c\x86\
\x56\x20\x50\x05\x40\x42\x40\xad\x1c\x04\xea\x3b\x69\x08\xc8\xfc\
\x01\xf5\xff\x94\x62\xdd\x0a\x04\x00\x80\xdc\xa8\x79\x5c\x5a\x59\
\x59\xf9\x28\x05\x01\x3d\xad\xbc\xa4\x3a\x4f\x28\x8a\x87\x09\x08\
\x00\x40\x61\x47\xc5\x91\x9e\x0a\x56\x69\x27\x38\xf4\x85\x80\xcc\
\x7f\x4d\xb9\x1e\x57\x94\x88\x0e\x01\x00\xa8\x70\xa5\xbc\xe4\x03\
\x41\xbf\xdf\x7f\x4b\xe6\x3f\x2a\xe7\x3c\x75\x1e\x14\x82\x53\x75\
\x2a\xbf\x04\x00\x95\xb2\xcc\x2e\x32\x04\xf4\x93\xdc\xf8\xb7\x83\
\x4e\xa7\x73\x8e\xcc\x7f\x3f\x9d\x4e\x1f\xcc\x66\x9b\x59\x89\x06\
\x01\x00\x98\xf1\xa2\x7e\x81\x7e\x92\xbf\x36\x79\xf5\x4e\xc6\x9f\
\x5f\x5d\x5d\x1d\x92\xf9\xf7\xeb\xb3\xcd\x7c\x27\x0a\x04\x00\x60\
\xc6\x87\xf9\x0b\xf4\xea\xfd\xfb\x3c\x08\xf6\xf7\xf7\x2f\x92\xf1\
\x43\xca\x72\x97\x62\xd1\xc7\xfa\x78\x3c\xbe\xb7\xe8\x4d\x3e\xd7\
\x03\x00\x07\xf5\xea\x20\x38\x38\x38\x58\x1b\x8d\x46\x6c\xfe\x1d\
\x87\xb4\x4b\x04\xce\xf3\xdd\xdd\xdd\x8e\xcb\xbd\xae\xf7\x00\x00\
\x47\xe5\x08\x82\x2f\xa7\x77\x02\xfa\x4d\xe1\xf2\x5f\xf3\x6f\xbb\
\xa4\x8c\x61\x3e\xf7\x69\x12\x00\xda\x06\xb7\xb4\x82\x45\x70\x8c\
\x0b\x04\xc1\x07\x86\x80\x5e\x1c\x5e\xa5\x17\x89\xfc\x9c\x7f\xd3\
\x25\x57\x2c\xf3\xb9\x57\x93\x00\x70\x63\xed\x76\xfb\x48\x23\xb8\
\x96\x47\x5c\x21\x08\x86\xf4\xe2\x90\xb7\xfd\x0d\x97\x3c\x31\xcd\
\xe7\x7e\xcd\x02\xc0\xcd\x25\x12\xeb\xd4\xe7\x75\x8a\x85\x1f\x21\
\xcd\x6f\xda\x0c\x00\x68\xaa\x94\xf0\x75\x16\xcc\xe7\x91\x00\x00\
\xab\xa0\x1c\x56\xcc\xe7\xb1\x01\x00\xab\xa0\x18\x96\xcc\xe7\xb1\
\x01\x00\xab\xa0\x14\xd6\xcc\xe7\xb1\x01\x00\xab\xa0\x10\x16\xcd\
\xe7\xb1\x01\x00\xab\x10\x38\xac\x9a\xcf\x63\x03\x00\x56\x21\x60\
\x58\x36\x9f\xc7\x06\x00\xac\x42\xc0\xa0\xff\x24\x7a\x46\xef\x0e\
\xbe\x09\x58\xe2\x9f\xd4\x8b\x9e\x00\x80\x45\x15\x73\xb8\x9e\x76\
\x81\x87\xbd\x5e\xef\x93\xc3\xad\xc1\x6f\x01\x00\xc1\x25\x3e\x29\
\x70\x8b\x20\x38\x3e\x39\x33\xf2\x05\x00\xd0\x35\x62\x83\x9e\x0e\
\x7e\xea\x96\x9c\x5f\x0d\x00\xcc\xd7\x47\xfc\xbb\xf4\x74\xb0\x46\
\x3b\xc1\x94\xff\x70\x44\x3c\xb9\x43\x42\x00\xe0\x20\x9a\xc4\x2d\
\xa3\xd1\xe8\x37\xed\x06\x4e\x6f\x22\x49\xd4\x2f\x72\x00\x80\x42\
\x89\x08\x47\xda\x0d\xbe\x0d\x06\x03\xa7\xb7\x91\xa5\xda\x05\x00\
\x52\x4a\x3a\xe6\x99\x4c\x26\xc7\x04\x41\xb4\xcf\x0a\x02\x00\x47\
\xe3\x24\x6f\x23\x08\xe6\xfe\xa1\x69\x93\x5a\xae\xd7\x00\x00\x57\
\xe5\x84\xef\x23\x08\x3e\xc7\xd8\x09\x00\x80\xb0\x91\x1e\xe9\x2e\
\x12\x04\xea\x9f\x1a\x06\x00\xf5\x8e\x1d\xd1\xb7\xb4\xe3\x17\x41\
\xf0\x4a\x73\x27\x00\x00\xe4\x72\xf9\xb1\xb3\xb3\xb3\x15\x33\xb6\
\xb7\xb7\x7f\x94\x7b\x0a\x75\x0e\x00\x42\x29\x9b\x48\x5e\x00\x90\
\x88\x51\xa1\xda\x04\x00\xa1\x94\x4d\x24\x2f\x00\x48\xc4\xa8\xba\
\x36\x7d\xd7\x01\x80\xaf\x82\x0d\xef\xef\x76\xbb\x9b\xfc\x26\x50\
\x93\xe0\x6b\x1b\xa6\xf5\xbe\x0c\x00\x78\x4b\x98\x76\x02\x00\x90\
\xb6\x7f\xde\xdd\x03\x00\x6f\x09\xd3\x4e\x00\x00\xd2\xf6\xcf\xbb\
\x7b\x00\xe0\x2d\x61\xda\x09\x00\x40\xda\xfe\x79\x77\x0f\x00\xbc\
\x25\x8c\x93\x40\xaa\x2a\x00\x90\x52\x32\xd1\x3c\x00\x20\x51\xe3\
\xa4\xda\x06\x00\x52\x4a\x26\x9a\x07\x00\x24\x6a\x9c\x54\xdb\x00\
\x40\x4a\xc9\x44\xf3\x00\x80\x44\x8d\x93\x6a\x1b\x00\x48\x29\x99\
\x68\x1e\x00\x90\x98\x71\xd2\xed\x02\x00\x69\x45\x13\xcb\x07\x00\
\x12\x33\x4c\xba\x5d\x00\x20\xad\x68\x62\xf9\x00\x40\x62\x86\x49\
\xb7\x0b\x00\xa4\x15\x4d\x2c\x1f\x00\x48\xcc\x30\xe9\x76\x01\x80\
\xb4\xa2\x89\xe5\x03\x00\x89\x18\x16\xaa\x4d\x00\x10\x4a\xd9\x44\
\xf2\x02\x80\x44\x8c\x0a\xd5\xa6\x59\x00\xf8\xd3\x31\x67\x29\x42\
\x19\xe8\x9b\xd7\x24\x00\xad\x56\xeb\xf0\x2c\x86\xaf\x59\x21\xee\
\x37\x09\x40\x88\x41\x91\xb3\x5a\x01\x00\x50\xad\x4b\x36\xab\x00\
\x20\x1b\xab\xab\x07\x05\x00\xd5\xba\x98\x59\x0d\xdd\x08\x00\x08\
\xad\xb0\xf1\xfc\x00\xc0\xb8\x41\xa1\xdb\x03\x00\xa1\x15\x36\x9e\
\x1f\x00\x18\x37\x28\x74\x7b\x00\x20\xb4\xc2\xc6\xf3\xab\x02\x30\
\x1e\x8f\xb7\x10\xff\xd7\x40\x93\x19\x35\x00\xda\xed\xf6\x11\xa2\
\xb9\x06\x5a\x10\xa8\x01\xa0\x35\xd0\x59\xa9\xa3\x35\x07\x00\xd0\
\x52\xda\x68\x1d\x00\x60\xd4\x18\xad\xb6\x00\x80\x96\xd2\x46\xeb\
\x00\x00\xa3\xc6\x68\xb5\x05\x00\xb4\x94\x36\x5a\x07\x00\x18\x35\
\x46\xab\x2d\x00\xa0\xa5\xb4\xd1\x3a\x00\xc0\x98\x31\xda\xed\x00\
\x00\x6d\xc5\x8d\xd5\x03\x00\xc6\x0c\xd1\x6e\x07\x00\x68\x2b\x6e\
\xac\x1e\x00\x30\x66\x88\x76\x3b\x00\x40\x5b\x71\x63\xf5\x00\x80\
\x31\x43\xb4\xdb\x01\x00\xda\x8a\x1b\xab\x07\x00\x8c\x18\x12\xab\
\x0d\x00\x10\x4b\x79\x23\x75\x01\x80\x11\x23\x62\xb5\x01\x00\x62\
\x29\x6f\xa4\x2e\x00\x30\x62\x44\xac\x36\x00\x40\x2c\xe5\x8d\xd4\
\x05\x00\x46\x8c\x88\xd5\x06\x00\x88\xa5\xbc\x91\xba\x00\x20\xb2\
\x11\xb1\xcb\xff\x01\x00\x00\xff\xff\x79\x96\x43\x65\x00\x00\x00\
\x06\x49\x44\x41\x54\x03\x00\x3e\x73\x83\x3d\xb8\xe7\xb5\x6c\x00\
\x00\x00\x00\x49\x45\x4e\x44\xae\x42\x60\x82\
\x00\x00\x00\xcc\
\x3c\
\x73\x76\x67\x20\x77\x69\x64\x74\x68\x3d\x22\x38\x22\x20\x68\x65\
\x69\x67\x68\x74\x3d\x22\x38\x22\x20\x76\x69\x65\x77\x42\x6f\x78\
\x3d\x22\x30\x20\x30\x20\x38\x20\x38\x22\x20\x66\x69\x6c\x6c\x3d\
\x22\x6e\x6f\x6e\x65\x22\x20\x78\x6d\x6c\x6e\x73\x3d\x22\x68\x74\
\x74\x70\x3a\x2f\x2f\x77\x77\x77\x2e\x77\x33\x2e\x6f\x72\x67\x2f\
\x32\x30\x30\x30\x2f\x73\x76\x67\x22\x3e\x0a\x3c\x70\x61\x74\x68\
\x20\x64\x3d\x22\x4d\x32\x20\x35\x4c\x34\x20\x33\x4c\x36\x20\x35\
\x22\x20\x73\x74\x72\x6f\x6b\x65\x3d\x22\x23\x37\x66\x38\x63\x38\
\x64\x22\x20\x73\x74\x72\x6f\x6b\x65\x2d\x77\x69\x64\x74\x68\x3d\
\x22\x31\x22\x20\x73\x74\x72\x6f\x6b\x65\x2d\x6c\x69\x6e\x65\x63\
\x61\x70\x3d\x22\x72\x6f\x75\x6e\x64\x22\x20\x73\x74\x72\x6f\x6b\
\x65\x2d\x6c\x69\x6e\x65\x6a\x6f\x69\x6e\x3d\x22\x72\x6f\x75\x6e\
\x64\x22\x2f\x3e\x0a\x3c\x2f\x73\x76\x67\x3e\
\x00\x00\x1f\x38\
\x89\
\x50\x4e\x47\x0d\x0a\x1a\x0a\x00\x00\x00\x0d\x49\x48\x44\x52\x00\
\x00\x00\x80\x00\x00\x00\x80\x08\x06\x00\x00\x00\xc3\x3e\x61\xcb\
\x00\x00\x10\x00\x49\x44\x41\x54\x78\x01\xec\x9d\x09\x98\x55\xc5\
\x95\xc7\x1f\xdd\x0d\x13\x40\xc5\x18\xf7\x0f\x0d\x1a\x50\x13\xc5\
\x05\xa2\x82\xe3\x16\x8d\x46\x1c\x97\x24\x08\x51\x11\x97\x68\x24\
\x41\x25\x2c\xcd\xd2\xe0\x84\x8e\x23\xb2\x74\xb3\xd8\x48\x22\x71\
\x37\x2a\x01\xe2\x1e\xa3\x71\x64\x04\x1d\x22\x88\x84\x48\xdc\x10\
\x8d\xe0\x82\x22\x12\x44\xa1\x01\x1b\x65\x7e\xff\xc7\x7b\x3d\xaf\
\x5f\xdf\x5b\x55\xf7\xde\x7a\x0d\xdd\xd0\x5f\x9d\xae\x7b\xab\x4e\
\x9d\x73\xee\xa9\x53\xfb\xf2\x8a\x52\x4d\xf0\xef\xa6\x9b\x6e\xda\
\x6b\xdc\xb8\x71\x15\xe3\xc6\x8d\x7b\x12\x58\x06\x6c\x89\x09\xab\
\x48\xf7\x1c\x70\xeb\xd8\xb1\x63\xbf\xdb\x04\x55\x95\x6a\x72\x06\
\x40\x46\x1d\x57\x52\x52\xb2\x98\xcc\x2a\x05\xce\x02\xbe\x09\xc4\
\x75\x7b\x92\xf0\x24\xa0\x4f\xb3\x66\xcd\xe6\x62\x08\xd7\xf0\xdc\
\xa4\x5c\x93\x32\x00\x32\xbf\x17\x19\x35\x9f\x1c\xda\x17\xf0\xed\
\x5a\x40\xf0\x96\x8a\x8a\x8a\x7b\xf1\x9b\x8c\x6b\x32\x06\x40\xe9\
\xfc\x16\x99\x7f\x7b\xa1\x73\x66\xcb\x96\x2d\xbd\xe1\x75\x55\xa1\
\xf9\x34\x14\xfd\x26\x61\x00\xe5\xe5\xe5\xfa\x8e\xe9\x28\xed\x6b\
\x40\x43\xb8\x49\x95\x95\x95\x49\x9a\x96\x86\x90\xd1\x89\x87\x14\
\xe7\x84\xb8\x3d\x23\xb5\x6a\xd5\x4a\xed\x74\xe7\x06\x94\xb1\x35\
\x35\x41\x9f\x06\xe4\x57\x30\x56\x4d\xc2\x00\xd0\x4e\x57\xa0\x41\
\x1d\x06\xd0\xa5\x41\x19\x16\x88\x59\x53\x31\x80\x13\x0a\xa4\x1f\
\x13\xd9\x2e\x99\xa6\xc7\x84\xb3\xdd\xc6\x65\x05\x6b\x2a\x06\x70\
\x54\xf6\x83\x82\xfc\xaf\xbe\xfa\xea\xe8\x21\x43\x86\x34\x8b\x02\
\x5f\xe3\x2f\x88\x56\x4e\x58\x4b\xfe\x0e\xcd\x79\x6f\x94\x8f\x8d\
\xde\x00\x28\x85\xea\xf8\x1d\x68\xd2\x7e\x51\x51\xd1\x3a\x53\x7c\
\x50\x5c\xbf\x7e\xfd\x36\x05\x85\xe7\x86\x41\xf7\x90\xdc\xf7\xc6\
\xf8\xdc\xe8\x0d\xa0\x75\xeb\xd6\xd6\x4c\x68\xd7\xae\xdd\xb2\x98\
\x99\xf3\x9a\x29\x1d\x35\xcb\x61\xa6\xf8\xc6\x10\xd7\x60\x06\x30\
\x61\xc2\x84\x96\x8c\x9f\x3b\x69\xb2\x06\x18\x0a\xfc\x78\xcc\x98\
\x31\x87\x27\x55\x12\x9d\xb1\x0e\x16\x1a\xef\xf4\xec\xd9\xf3\x4b\
\x0b\x4e\x60\x34\xf3\x0a\x6f\x04\x46\x64\x02\x89\xb7\x1a\x5f\x06\
\x35\xd4\x43\x27\x1d\x98\x5c\x3a\x17\x7d\x0c\x06\xae\x00\xba\x54\
\x55\x55\xed\x16\x9a\xc0\x73\x44\xc1\x0d\x80\x2a\xba\x88\x8f\x1c\
\xb6\x79\xf3\xe6\x35\xc8\xbe\x10\xa5\xdd\x07\x8c\x01\x1e\xa4\x0a\
\x7d\x85\xb8\xd5\x28\xe0\x42\xe2\x62\x39\xe8\xd8\x4a\xe1\x3b\xb1\
\x08\x93\x08\xe3\x7a\x13\x2f\xd4\x39\xf0\x0e\x4d\x8b\xf1\x77\xe4\
\xdb\xff\x09\xc2\x9b\xf0\x79\x0c\x5a\xe3\x80\x3b\x81\x17\x36\x6e\
\xdc\xb8\x06\x43\x40\x75\xe9\xf9\x0d\x50\x0a\xe7\x0a\x6a\x00\xa3\
\x47\x8f\x6e\xcf\x18\xfd\x45\xc4\x1f\x0d\xfc\x1b\x10\xe4\xf6\x40\
\x01\xd3\x50\xc6\x23\x18\xc2\xde\x41\x08\x96\x30\x5b\x0d\xf0\x96\
\x25\xbd\x29\xfa\x75\x53\x24\x72\xdb\x78\x07\x26\xe7\x3b\x7f\x86\
\xf1\x6b\xbd\xe2\xa0\x40\x84\x54\xaa\x08\x43\x18\x89\xee\x9e\x66\
\xc2\x49\xeb\x11\x21\x68\xc9\x83\x0b\x66\x00\xca\xfc\xe2\xe2\xe2\
\xbf\x22\xa2\xeb\x04\xcd\xf9\x28\xf4\x55\x0c\xe1\x4c\xd2\x38\x3b\
\xd2\x18\x6b\x00\xe2\x55\xca\x9c\xe9\xe5\x22\x92\xd6\x58\x03\x80\
\xbb\x17\x25\x75\x57\x7c\x27\x47\x91\x6e\x05\xfe\x74\xe8\xfe\xce\
\x29\x41\x2a\x75\x3a\xfd\x8c\x05\xe8\xa4\x10\x6b\x1b\x69\x11\x0a\
\x62\x00\x99\xcc\x7f\x1e\x0e\x7b\x01\x51\x9c\xac\xfd\x29\x3e\xb8\
\x02\x65\x95\x38\x26\xfc\x8e\x05\xef\x6d\x4b\xbc\x29\xfa\x55\x53\
\xa4\xe2\x28\xc9\x47\xc8\xb7\x01\x55\xfe\xe1\x94\xe8\xc5\x94\xec\
\x9e\x36\xdc\xbc\xf8\x76\xa4\x79\x1e\x9d\x78\x31\x82\x3c\xda\x29\
\xef\x06\x90\x93\xf9\x71\x05\x6e\x86\x90\xa5\x28\x6b\x1e\xb4\xda\
\xf1\x1c\xea\xb4\xee\x4f\xa4\xb1\x04\xb2\x34\x1c\xdb\x00\x86\x0e\
\x1d\xfa\x39\xf4\x3f\x06\x42\x1d\xa5\xd9\x3a\x17\x90\xa9\xf2\x17\
\x40\xe4\x5b\x40\x64\x07\x8f\xf6\x85\x32\x02\xaf\x06\x80\x95\x76\
\xa0\xda\x57\xc9\x8f\x9b\xf9\xb9\xca\xe9\x0c\xad\xc5\x28\xef\xe2\
\xdc\xc0\xec\x33\xbc\x4e\x21\x73\xa7\x64\xdf\xc3\xfc\xcf\x3f\xff\
\x7c\x49\x58\x9c\x4b\x38\xca\x37\x8e\x04\xa0\x51\x8a\x2c\x97\x6a\
\x94\xc3\x73\x1d\x47\x2d\xb6\x0b\x55\xfe\x34\x68\xa8\xca\x6f\x59\
\x27\x32\xe2\x0b\x34\xda\x93\x64\x76\xc6\xe8\x79\xf4\xe3\xbc\x19\
\x00\xa5\xb5\x3d\x42\xce\x41\x2c\x1f\x99\x0f\x99\xb4\xdb\x15\x9a\
\xf7\x63\x04\x77\x4b\x99\xf8\x7b\xa3\xd0\xa1\xf8\x4b\x89\x9d\x0d\
\xf4\x00\x4c\x6e\x55\x79\x79\x79\xb5\x09\xc1\x16\x47\xc9\xb3\x19\
\x80\x86\xb2\xf7\x30\xca\xf9\x08\x43\xa8\x44\xb6\x74\x47\x96\xe7\
\xa3\x99\xa3\x58\x44\xfa\xd8\x23\x9c\x00\xd9\x0e\xc5\xe8\xe7\xf8\
\x34\x02\x2f\x06\xa0\xcc\xa7\x2d\x7c\x8e\x8f\xdd\x2f\x40\xe8\x7a\
\x41\xe0\xfd\x6f\xbd\x40\x43\x00\x46\x70\x19\x4d\xc2\x12\xfc\x95\
\xa4\x1d\x83\xaf\xd2\x60\x48\x51\x1b\x65\xeb\xc4\xd5\x22\x1a\x1e\
\x5c\x87\x91\x1a\xbb\x0f\x42\xb6\x95\x64\xfe\xfd\xd0\x5b\xc4\xb3\
\xab\x9c\xa0\xa7\x3e\x4d\xb9\xfd\x7d\x1b\x23\x78\xd6\x97\x11\x24\
\x36\x80\xa8\x99\xcf\x37\xf6\x1d\x3c\x78\xf0\x49\x64\xa4\x36\x55\
\x6c\xe4\xdd\xd5\xed\xef\x8a\x98\xc5\x23\x03\x6c\xa5\x37\x8b\x6a\
\xf2\x97\x9b\x22\x43\xe2\x02\x9b\xad\x10\xdc\x14\x72\x3e\x49\x6f\
\xff\x28\x74\xf2\xab\x30\x9c\xbc\xf0\xc3\x31\x82\x59\x34\x3b\x7b\
\xe4\x85\x47\x7e\x4d\x64\x00\x64\x7e\x3b\xda\xe9\x67\x11\xdc\xa9\
\xe4\x23\x5d\x5f\x16\x64\x7e\x8b\x9f\xc2\x08\xee\xe0\xc3\x3b\xf1\
\xac\xea\x1c\xcf\xbf\x43\x2e\x1f\x35\xc0\xbb\xfe\x25\xab\xa5\x58\
\x83\x0e\x4a\xe9\x6c\x9e\x3d\x6c\xd8\xb0\x77\xd1\xc9\x7f\x11\x33\
\x06\x70\x71\x1d\x69\x76\x66\x27\x35\x82\xd8\x06\x90\xc9\x7c\x75\
\xf8\xda\xba\x48\x0b\x4e\x6d\xe6\xf3\x9c\x76\x7c\xf8\xeb\x64\xd2\
\x31\xc0\x1f\xd3\x01\x9e\xff\xa1\xdc\xc4\x35\x00\x25\x6d\x99\x67\
\xb1\xb2\xe4\xde\xa3\xd9\xec\x8a\x0e\xc6\x67\x03\xe4\x53\x40\xca\
\xf0\x23\x19\x01\x43\xcc\x36\xa4\x89\xe5\x62\x19\xc0\xa8\x51\xa3\
\xf6\xa1\xe4\x3b\x67\x3e\x19\x3c\x80\x0f\x4b\x97\xfc\x7c\x29\xb1\
\xfa\xf5\x80\x3a\x73\xfd\xf2\xe3\x12\xbc\xbf\x44\xda\x11\x2c\xd7\
\xce\xc6\x4f\xe4\x06\x0e\x1c\xf8\x81\xe4\x87\x88\x75\x4e\x00\x1c\
\x27\x07\xbd\x87\xa8\xf2\x3b\x96\x96\x96\x2e\x0c\x4a\x80\xae\x64\
\x04\x37\x05\xc5\x05\x84\x75\xc4\x90\x66\xd9\xd6\x0f\x02\xd2\xa5\
\x83\x62\x19\x40\xf3\xe6\xcd\xb5\xf9\xd2\xb5\xe4\x0f\x24\x83\x27\
\xa5\xb9\x19\xfe\xf1\xd1\x93\x29\xb1\xc7\x82\xf2\x1e\x10\xc7\xbd\
\x40\xfa\x52\x94\xd1\x0e\x5a\xc7\x02\x37\xb1\xa4\xfb\x59\x1c\x42\
\xf9\x69\x24\x3f\xf4\x8e\x80\xfe\xf1\xc4\x69\x48\x17\x9b\x2e\x34\
\xae\x83\x5e\x77\xaa\xfc\xb5\xd0\x0a\x75\xf0\x1b\x41\xa4\xab\x11\
\x74\xde\xb4\x69\xd3\x2d\xe0\x47\x76\x91\x0d\x80\x1e\xee\x4f\xe1\
\x72\x0e\x60\x75\x7c\x6c\x29\x1f\x32\xd1\x8a\x98\x41\xa0\x3a\x7c\
\x89\x2a\xf7\x68\x5e\x9f\x02\x5c\x9c\x26\x6a\x46\x66\x32\xfd\x04\
\xd2\x8f\xa7\x54\xc5\xe9\xb4\xb9\xf0\x4a\x41\xff\x45\xbe\xa7\x0f\
\xd0\x86\x52\xfc\x63\x12\x69\x23\x2a\x9e\x93\x5b\x4a\xa9\x3f\x1a\
\x1a\xce\x19\x05\x1f\x19\x81\x53\x73\x80\xae\x7b\x33\x04\x3d\xdf\
\x49\x92\x1c\xa4\xc8\x06\x40\xda\x81\x80\xd5\x21\xd0\x30\x3e\xb6\
\x4e\xfb\x66\x4d\x04\x02\x55\xee\xbf\xf8\xf0\x6e\x3c\xaa\x49\x30\
\x8d\x12\xee\x03\xe7\x10\x70\x6f\x28\x64\xa6\xc3\x23\xd0\x51\x8a\
\x1f\x86\xf7\x85\x34\x85\x07\x62\x0c\xb6\x4c\xbd\xbf\xba\xba\xba\
\x13\xa5\xfe\xe5\x40\x62\x86\x40\x78\x94\x41\xbf\xc2\x80\x92\x1b\
\x35\x24\xf7\xc5\xe5\x39\x92\x01\xd0\xe3\xd4\x6c\xd6\xb7\x1d\x08\
\x97\x91\xf9\x63\x1d\xf0\x42\x51\xf8\xf0\xc9\x5f\x7e\xf9\xa5\x78\
\xe9\xa0\x47\x16\xaf\x1a\x65\xdc\x92\x29\xf1\xbd\xc1\xf9\x28\x1b\
\xb1\xad\xfc\x41\x83\x06\xbd\x87\x31\x5c\x47\xb3\xa8\x61\xea\x64\
\xe4\xc8\xdd\x49\xb4\x9e\x82\x70\x39\x72\x5e\x52\x5e\x5e\x1e\x79\
\x57\x12\xb4\xd2\x0e\xfa\x43\xa0\x63\x6d\x46\xc1\x39\x0e\x3e\xda\
\x21\x95\x4e\xe7\xf2\x2f\x92\x01\x30\xec\xd0\xf9\x38\x63\x1a\x32\
\xe8\x7a\x3e\xd8\xa9\xda\xb2\x09\x58\x56\x56\xb6\x0c\x5a\x5d\xf8\
\xb0\x61\xe0\x8e\x84\xff\x81\x28\xe3\xba\x6d\x51\xe2\xe1\x6f\x74\
\x03\x06\x0c\xf8\x10\x59\xfb\xd1\x84\x69\xbe\x5f\x1d\xde\x85\xc5\
\xc5\xc5\x9d\x28\x08\xf7\x18\x13\x3a\x46\x42\x67\x00\x7a\x98\x60\
\x41\x2f\x61\xf6\x31\xd2\x6e\x65\x63\x66\xe6\x33\x43\x80\x7d\xf2\
\xc3\xf2\xde\xd7\x52\x3a\xbd\x1f\x9d\xe2\xe3\xc7\xa2\xdc\x1b\x86\
\x0f\x1f\xbe\x3a\x8f\xdf\x76\xf7\x4a\x13\xf6\x01\xb2\x6a\xc8\xfb\
\x5d\x6a\x07\x1f\xf3\x10\xb5\xdf\x88\x1e\x06\xf1\xa2\x11\x0e\x5e\
\xb0\x23\x8f\x8e\x09\x8e\x09\x0e\x8d\x64\x00\x94\x6e\x5b\x1b\xd6\
\x86\x8e\xce\x6d\xc1\xac\x76\x86\x26\xd5\x00\xeb\x20\xbd\xa0\xa1\
\x5a\x18\x2f\xd8\x61\x00\x91\x56\x3f\x23\x19\x00\x96\xad\x59\x3b\
\xe3\xe2\x0a\x02\xfc\x00\x41\x35\x8e\x0d\x96\x70\x67\x68\x2c\x0d\
\x30\xfa\xea\x40\x01\xd4\x10\xd4\x98\x9e\x26\x68\x51\x2e\x82\xed\
\x39\x92\x01\x88\x18\x19\x7c\xab\x7c\x13\x20\xe8\x8d\x0c\x49\x1a\
\xfc\xb4\x8e\x49\xa6\xc6\x1c\x47\xc7\x4e\x27\x93\x1f\xe6\x1b\x5a\
\x01\x26\xb7\x96\x66\x27\xd2\x3c\x4a\x64\x03\xa0\xb7\x7b\x3d\x12\
\xd8\x7a\xdf\x45\x18\xca\xc3\x9a\x31\x04\x77\xa7\x4b\xa8\x01\x56\
\x42\x35\x02\xd0\xb2\xb3\x8d\xd2\xaf\x6d\x08\xf9\xf1\x91\x0d\x80\
\x4e\xce\x06\x88\x5c\x0b\xd8\xdc\x3e\x18\xcb\xc3\x58\x6f\x64\x1e\
\x36\xc2\x3b\x52\x3c\x35\xe9\x8f\xf8\xde\x5f\x00\x36\xf7\x38\x4d\
\xb4\xf3\xa4\x5b\x96\x58\xac\xcc\x81\xd1\x83\x10\xd0\x9a\x37\x9e\
\xd1\x75\x65\x58\xe2\x3a\x9d\x69\x24\xb4\x23\x46\x6a\xc1\x8d\x9a\
\xf4\x6e\x87\x6f\x7f\x97\xce\x77\x6f\x07\xbc\x7a\x28\xb1\x0c\x40\
\x54\x98\xd9\xba\x1a\xdf\xba\x52\xc6\x07\x0c\xa5\x03\x13\x69\xa7\
\x2f\x74\x77\x78\x47\xcd\x59\xc2\x3c\x82\xda\x7d\x6d\x34\x31\xe9\
\x63\x33\x3a\xee\xc1\x2c\xa3\x71\x6d\x21\x8c\x40\x6c\x03\x40\xc0\
\x6a\x04\xd4\x7c\x78\x18\xed\xdc\xf0\x19\x54\x65\x07\xe5\x06\xec\
\x7c\x36\x6b\x80\x95\x4c\xcd\xa4\x6a\x5d\xc4\x88\x48\xe6\xff\x8a\
\xf9\x01\x9d\xbd\x30\xe2\x85\x45\xc6\x36\x00\x11\xa4\xc7\xa9\x21\
\x47\x7f\x3d\x5b\xa0\x0d\x82\x4e\xc3\x68\x5c\xb7\x7a\x5b\xc8\x45\
\x8f\x56\x75\x4a\x4d\x74\x0e\x70\x35\xc3\xd4\x72\xfc\xa9\x18\xe5\
\x63\x02\x3d\x67\xc2\xae\xe6\xf9\x1c\x9e\xdb\x46\xe7\xe0\x2f\x05\
\x32\x7d\x9f\x91\x94\xcb\x9a\xcb\x2c\x9a\xe3\x44\xb3\xae\x89\x0c\
\x40\x9f\x8c\x00\x37\xe3\xff\x19\xb0\xb9\xe3\xb1\xea\x72\x1b\x92\
\xaf\xf8\xca\xca\xca\x6f\x92\x91\xba\xcf\xe7\x36\x32\xf5\x4d\x6a\
\x2b\xed\xed\x7b\x1c\xfa\x53\x51\xee\x48\xfc\xab\x31\xca\x73\x05\
\x7a\xce\x84\x4d\xe5\xf9\x71\x9e\xdf\x23\x8d\x8e\xad\x4d\xc0\xef\
\x01\x9d\x06\x33\x08\xe4\xde\x13\x99\xa6\x21\x87\xcd\x7d\xc2\xac\
\xeb\x85\xc8\xba\x25\x08\xd1\x35\x2c\xb1\x01\x88\x11\xbd\x7d\xcd\
\x50\xd9\x86\x86\x29\x84\x2d\xe3\x03\x4f\x56\x9a\x42\x01\xa5\xe7\
\x20\x32\x6d\x12\x9d\xa2\x65\xf0\xd3\xb4\xb4\xf6\x1e\xc6\x39\xc2\
\xa5\x61\xd7\x00\xe4\x9c\x01\x1d\x19\xc4\x24\xd1\xe6\xbd\xa0\x0e\
\xb9\x95\xf9\x3a\x20\x63\xe2\x83\x8d\x6c\xb9\x90\x35\x91\x4f\x4c\
\x48\x2e\x71\x5e\x0c\x80\x85\x90\x4f\x11\x5c\xbb\x7a\x6c\x3c\x8b\
\x58\xe1\xd3\x98\xd6\x86\x17\x39\x9e\xcc\x69\x4d\xc6\x0f\x47\x33\
\xf3\x48\xfc\x4b\xc0\xb7\xfb\xa5\x68\x8b\x87\x78\xf9\x26\x2e\x7a\
\xd0\x55\xb5\xff\x7d\x3d\x5b\x60\x2c\xed\xfe\x2c\x0b\x8e\x53\xb4\
\x17\x03\x10\x27\x7a\xa1\xda\xea\xad\x35\x7a\xbd\x86\x02\xa5\xe9\
\xa1\xd0\xc8\x98\x11\x64\xca\x45\xca\x1c\x92\x8f\x02\xd2\xfb\xf2\
\xf1\x0b\xe1\x44\x7b\x94\x78\xd1\x2c\xc4\x1a\x76\x99\x84\x82\xae\
\x6d\xb1\x4d\xc9\x17\xd3\xec\x7a\x9b\x6a\xf7\x66\x00\x74\xf0\x34\
\x5d\x69\x1b\xee\x6d\xa0\x06\xb0\x9e\xe6\xd1\x57\xba\x02\x99\xaf\
\xd2\xfe\x00\xf8\x4e\x67\xf4\xc0\xf3\xe1\x8e\xc0\x90\xef\x85\xb7\
\xeb\x46\x0d\x27\x9e\x2c\x77\x8f\x03\x71\x3d\x60\x72\x6d\xab\xaa\
\xaa\xc2\x4e\x5a\x9b\xd2\x05\xc6\x79\x33\x00\x26\x7c\x2e\x83\x83\
\x4a\x08\x5e\xb0\xc3\xc2\x7f\xcb\x1a\xff\x9a\xe0\xd8\xe8\xa1\x64\
\x40\x15\xa9\x0a\xd2\xa4\x40\xd7\xc5\xe9\x58\xd8\x5f\x5c\x10\x5d\
\x70\xb4\xdc\x8d\x8e\x6c\x6b\xfe\x7b\x6c\xdc\xb8\x51\x7d\x2e\x17\
\x92\x56\x1c\x6f\x06\x80\xe0\xd7\x59\xb8\x6d\x26\x3e\xf2\x16\x31\
\xd2\x04\x3a\xaa\x60\xad\x4c\xda\x78\x06\xa6\xf5\x1c\x78\x26\xb2\
\x58\x3b\xc0\xae\x3c\xd1\xa3\x74\x64\x9b\xd4\x71\x19\x7a\x3b\xb1\
\xf4\x62\x00\xe3\xc7\x8f\xd7\x26\x84\x8e\x26\x8e\x7c\xd8\x3d\x74\
\x5c\x56\x98\x70\x5c\xe3\x28\xf9\xab\xa9\x82\xa3\x1c\xbb\xca\x92\
\xfe\x3b\x72\x68\xc1\xa4\x1f\xfe\x25\x74\x5c\xcf\x16\xe8\x19\x04\
\x85\x29\x2e\x77\x0b\x1a\xc1\x76\x87\x2c\xfb\x20\x53\xa4\x55\xb8\
\x30\xaa\xf4\xa5\xd6\x42\xcf\x36\xa7\xdf\x11\xa3\x33\xee\x0b\x08\
\xa3\x9f\x1f\x1e\xdb\x00\x10\xa0\x2d\x1f\x7d\x12\x70\x39\xed\xba\
\x66\xad\xf2\x69\xd7\x79\x67\x9d\x5a\xed\x5b\x9d\xb0\x38\x2f\xf0\
\x53\x2f\x3f\xca\x91\xa8\xd7\xc9\xe0\x01\x8c\x99\x0f\xa7\xf3\x74\
\x0c\x46\x58\x8e\x3f\x19\xff\x7e\x94\xfd\xa4\x40\xcf\x99\x30\xc5\
\x75\x41\x56\x0d\x1b\xb5\x29\xd5\x78\x43\x48\x9e\xfc\xd2\xc7\x8c\
\xbc\xb0\x58\xaf\x35\x35\x35\xbf\xb1\x25\xc4\x48\x86\x68\x72\x2b\
\x1f\x2f\xea\xbb\xd1\x00\x18\xb3\x1f\x86\xc2\xcf\x61\x78\xd2\x1f\
\x98\x4c\xa6\xff\x89\xf7\xd7\x81\x2d\x08\x20\x8b\x7f\x0e\x86\x77\
\x01\x67\x00\xa1\x8e\x0c\x78\x82\x59\xc3\xc4\xdb\xa3\xe0\xab\x51\
\x86\xf6\xe6\x87\xf2\xca\x89\xd8\x08\xdf\x51\xcc\x51\x68\xbb\xf8\
\x24\xc6\xcc\xc6\x1b\xbf\x72\xd2\xa5\x58\xf1\x7c\x4b\x06\xa1\xb4\
\xa2\x41\x9c\x69\x77\x32\xd1\xb5\xae\x07\x32\x26\xee\x18\xd2\x17\
\x58\x05\x45\x7d\x2b\x5e\xa8\xeb\xa1\xc9\x2d\xf8\xad\x07\x5e\x04\
\xee\x21\x7f\xb4\xee\xa2\xd9\x4e\xed\x4b\x0c\x4d\x98\x1b\x51\xcf\
\x00\x20\x74\x1d\xf0\x1a\xb0\x85\xea\x51\x25\xe0\x71\x94\x30\x11\
\xb8\x96\x4c\xff\x0f\x12\x1b\xaf\x64\x21\xbe\x9e\x23\x9d\x75\x13\
\x49\xbd\x44\x79\x01\x7c\x9c\x66\x11\x5d\x3b\x3f\x4f\xa1\x1c\x65\
\xfc\xf5\x9a\xa3\xc8\x23\xe5\xfc\xaa\xb4\xd4\x0e\xd7\x8b\x16\x89\
\x8c\x7b\xf1\x88\xcf\xba\xd2\x8c\xac\xd9\xf7\x58\x3e\x3a\xbb\xc3\
\x31\xa1\x36\x89\xe8\x40\xcd\xa5\xa4\xd1\xb4\xb0\x66\x3b\xdf\x52\
\xfe\x01\x0b\x91\x65\x3a\x50\x4e\x01\xee\x89\x5f\xef\x32\x8d\x5a\
\x03\x50\x75\x42\x82\xd9\x30\x55\xcf\x5a\xdb\xb1\x79\xf4\xe2\x3e\
\xa1\x34\xfd\x29\x09\xa5\x89\x13\x27\xee\xc7\xc7\xfd\xcc\x91\xc6\
\x54\xf8\x75\xa3\xc6\xd1\x3a\x85\x63\x12\x33\x9a\x68\x41\x53\x4a\
\x7e\xc6\x8c\xb9\x35\x56\xb2\x4a\xe6\xad\x6f\xf1\xfe\x0f\x1e\x3c\
\x58\x79\xa1\xe9\xeb\x78\x04\xb6\xa6\xea\x84\x2c\x3d\x81\x91\x14\
\xe0\xe9\xf8\xaf\x61\x08\xa7\x6d\x8d\xda\xfa\x3f\x6d\x00\x8c\x2b\
\x77\xc3\xca\xe7\x12\x74\x0a\xe0\xdb\xcd\x4c\x4a\xf0\x8b\x2f\xbe\
\xd0\xcd\xdc\xda\x77\x6f\x24\xc5\x07\xaa\x0d\xff\xb9\x11\x29\x41\
\x24\x46\x70\x06\x8a\x54\x47\xd1\x46\x65\xff\x8c\xcc\x36\x3c\x63\
\x3c\xbc\x6c\xcd\x80\x31\x7d\x40\x64\x5b\x68\xce\xc2\x08\x6a\xf7\
\x68\xa4\x0d\x80\x71\xa5\xaa\x68\xab\x82\x03\x08\xba\x04\x45\x39\
\x3e\x55\x8f\x9e\x4a\x12\x19\xeb\x52\xfa\x67\x52\x6a\x5c\x32\xa7\
\x1e\x8f\x28\x01\x34\x09\xe5\x28\xd1\xca\x47\x32\x4b\xf6\x28\xb4\
\xf3\x71\xa1\xe1\xe5\x4c\x41\x3e\x5d\xe4\x2f\xa3\x39\xf8\xa1\xc2\
\x8b\xb0\x06\x9d\x27\xbb\x48\x2f\x05\x80\x95\x64\x8a\x3a\x8a\xb1\
\x49\x67\x4a\x92\xcd\x38\x67\x52\x3a\xa3\xde\xbe\x15\x5b\x26\x19\
\x01\x89\x75\x40\x16\x2f\xd4\x25\xae\x05\xf8\x26\x6d\xf1\xfe\x7b\
\x28\x87\x04\x11\x18\xd7\x1d\xe4\xfd\xde\xda\xbc\x59\x88\x1f\x42\
\xd2\xd6\xf1\xa5\x58\xda\x78\x18\x25\x5a\xae\x24\xbd\xed\x8e\x9d\
\x15\xf4\xd6\x35\x1d\x9c\x40\x1d\xd1\x93\xc2\x53\xb7\x79\xd8\xe6\
\x35\x5c\x3b\xad\x26\x01\x5c\xb6\xde\x99\xd2\x87\xc5\xe9\x82\xce\
\x5e\x32\x80\xb8\x3f\x7d\xb2\x9a\x0c\x56\xe9\xfe\x1d\x99\x34\x80\
\x11\xc3\x59\x1a\x6b\xa3\x98\xaf\x63\xb9\xad\x81\x43\x28\x29\x89\
\x86\x44\x74\x4a\xf5\x4b\x20\xc6\x6b\xd8\x90\xe1\x36\x7a\xeb\x1f\
\x86\x7d\x65\xa1\xc2\xc5\x53\xbc\x4d\xf4\xd1\x4b\x7b\xbe\xc1\xb6\
\x3e\x62\x22\x91\x42\x8f\x95\xe8\x55\x77\x05\x9e\x01\x3d\x19\xba\
\x8e\x9d\xfd\x0f\x89\xea\xcc\x3e\xf2\x1e\xc7\x1d\x5f\x04\x51\xe3\
\x55\xeb\x50\xd5\xc4\x8b\x8e\x6b\xdf\x0c\xee\xcf\x11\x46\xd7\xb3\
\x7d\x03\xc1\xf6\x24\x83\x4f\xc1\xef\x43\x35\x3f\x89\x09\x95\xbf\
\x68\xac\x8d\x62\x5c\x2f\x3b\x82\xb4\xd9\xa1\xe0\xd3\xcd\x18\xa9\
\x15\x2d\x5a\xb4\xd0\x26\x0e\x0b\x5a\x61\xa2\x33\xbc\x6d\xb5\x80\
\xd3\x51\x7a\x93\x84\xe8\x75\x39\x3a\x7e\x06\xa8\x42\xdf\x3a\x76\
\x76\x3a\xfe\x7e\x14\xba\xdd\x49\x77\x22\xf9\xa2\xcd\x2d\x93\xf0\
\xb5\x2e\xf1\x3e\x61\xae\xee\x58\x75\x02\x8d\xa7\x49\xc9\x84\x1e\
\x30\xeb\x06\xf4\x47\x80\xa9\x08\xf3\x1c\x13\x25\xff\x72\xe5\x90\
\x04\x8f\x0f\xba\xc0\x94\x1e\xd9\x1e\xc1\xe0\x1a\xbc\xf4\x67\x65\
\x12\x6f\x64\x78\x22\xfb\x1e\xe4\x13\xaf\xa3\xee\x41\x51\x89\xc3\
\x28\x74\x6b\xc9\x97\xb9\xe4\xcb\x6d\x14\xc6\x01\xf8\x67\xf1\x7e\
\x40\x75\x75\xf5\xae\xe8\xae\x0b\x70\x9e\x85\xc9\xc1\x32\x00\x0b\
\xce\xb6\x89\x66\x16\x52\x57\xc0\x6a\x57\x4e\xa8\x00\xd4\x46\x4e\
\xe3\xf2\x50\x02\x7e\x22\x74\x55\x4e\x28\x25\x32\xa1\xfd\x98\x31\
\x63\x8c\xeb\x24\xa1\x89\x63\x46\x94\x97\x97\xaf\xc3\x18\xe6\xc3\
\xfb\x05\x1b\x89\xed\xd6\x00\x58\x5f\xb0\xce\x38\x52\x05\x6e\x73\
\x03\xa0\x84\x3f\x66\x53\x32\x19\xa1\xb5\x05\x1b\x9a\xf7\x78\x64\
\xb3\xe6\xaf\x15\xc1\xbb\x54\xee\x04\x6d\x37\x8e\xce\xa6\xda\xd3\
\x15\x31\xee\x14\x0b\x80\xa9\x6a\x18\xb2\xb3\x01\x93\xb3\x7d\x8b\
\x29\x6d\xec\x38\x86\xd0\xba\x77\xd9\x98\x7e\xbb\x35\x00\x4a\x8d\
\xed\xee\xc1\xed\xe9\xae\x00\xa3\x2c\x0e\xdf\x62\xcc\xa4\xb8\x91\
\xad\x5a\xb5\xb2\xe6\xaf\x15\x21\x2e\x73\x0f\xe9\x6c\xa5\x26\xf1\
\x8e\x58\x0f\x32\x66\x49\xd8\x64\xb1\x7d\x4b\x96\x8e\x57\xbf\x51\
\xd7\x00\x68\xc2\xa8\x34\x4a\x95\x4d\xe9\x90\x68\x18\xe7\x20\x8b\
\xf1\x5b\x92\x48\x69\x49\x6b\x2d\xe0\x56\x04\x0b\x83\x82\x45\xa3\
\x54\xe3\x0c\x22\x1d\x40\x5d\x58\x55\x30\xfe\x51\x08\xdb\x64\xb1\
\x7d\x4b\x14\x5e\x51\x70\x4b\x4a\x4a\x1a\x6f\x1f\x80\x1e\xac\x71\
\x7c\x8f\x52\xa3\xec\x0a\x8a\xa2\xb7\xc8\xb8\x36\x59\x6c\xdf\x12\
\x99\xa1\x63\x02\xf8\x5a\x0b\xb8\x15\xc1\x91\x97\x77\x34\x94\x6a\
\x9b\x61\xfb\x86\x77\xa6\xf1\x09\x1a\x65\x21\x23\x8c\xc6\x1c\x9f\
\xad\x39\x65\x4d\x4d\x4d\xd3\xad\x01\xf8\xf4\xb8\x6b\x18\x24\xf5\
\xee\x0e\x36\x51\x74\x30\x66\x53\xf2\xd8\x71\x8d\xba\x09\xe0\xab\
\x6d\x35\xc0\x91\x13\x26\x4c\x88\x18\x07\xe5\x06\x00\x00\x0e\xe1\
\x49\x44\x41\x54\xb3\x33\x18\xd2\xfe\x9c\xcb\x8c\x25\xdc\x6c\xdf\
\x02\x8a\x7f\x47\xcd\x63\xad\xe1\xad\x08\xfe\xc5\x72\xa3\x48\xa9\
\xb1\x9e\x79\xdf\xbc\x79\x73\xc1\xe6\xd9\xdd\xa4\x4c\xa5\xe8\x00\
\xda\xe6\xdb\x53\xac\x90\x06\xde\x0a\xee\xca\x23\x2e\x1e\xb3\xa9\
\xc9\x9b\x00\x32\xa2\xeb\xd8\xb1\x63\x1b\xf4\xe7\x4c\xf5\xc1\xcc\
\x65\xeb\xd7\xba\x8c\x33\x6c\xc8\xb6\xcd\x0d\x00\x59\x6d\xdb\xe8\
\xe6\x6b\xd1\x08\xbc\xed\xd2\xa9\x06\xb0\xed\x38\xd1\xf1\x68\xfd\
\x9c\xe9\x5a\x0c\x61\x05\xeb\xdb\xcf\x54\x54\x54\x68\x8b\x78\x5f\
\xfc\x53\x0b\x7c\x13\xd8\x23\x26\xad\x51\xc5\x75\x43\x9e\xc4\xcb\
\xad\x26\x1e\xa6\x38\xbe\x5f\x27\x79\xcf\x32\xe1\x20\xa3\x96\xd2\
\x4d\x28\xb1\xe2\xb2\x89\xca\xcb\xcb\x5b\x20\xc7\x11\x40\x4f\x60\
\x24\xfa\xf8\x03\xf0\x32\xb0\xa1\xb8\xb8\x58\xa7\xa7\xb2\xa8\x41\
\xfe\x06\xed\x07\x70\xde\x3d\x4b\x89\xd3\xf4\xec\xe9\x7c\x94\xb6\
\x88\x4f\xc1\x7f\x96\xea\x4d\xbf\x96\xb5\x06\xe6\x73\x61\x7a\x07\
\xa0\x6d\xd1\xe7\x8d\x1f\x3f\xfe\x90\x20\x8e\x51\xc2\xe0\x67\x3d\
\x02\x0d\x8e\xee\x2a\x8a\x42\xd6\x1b\x2e\xdf\xaf\xf3\x90\x46\x7a\
\x64\x82\xb6\x69\x1b\x71\x5c\x22\x59\x51\x6c\x43\x01\xec\x82\x7e\
\x2f\x47\xd7\x63\xf0\x75\xbb\xc9\x52\xa6\x7b\x37\x21\xc7\x3f\x80\
\xe9\x80\xb6\xce\xff\x04\x7a\x47\x02\xc6\x65\x7e\xe2\xe5\xe6\x6b\
\x47\x90\x8f\xf6\x69\x77\x98\x9f\x00\x45\xfd\x96\x40\x05\x99\xf2\
\x28\xed\xcf\x12\x84\x74\xdd\xdb\x4e\xd2\xfa\x8e\x66\xe0\x15\x42\
\x8d\x47\xb5\xe0\x7b\x2e\x8a\x31\xee\x1b\x80\x86\x77\x07\x4f\x1d\
\xcd\xba\xc4\x42\x78\x7e\x69\xc8\xaf\x82\x58\xd2\xd5\x46\xa3\xc3\
\xe1\xc0\x47\x2c\x7d\x7f\x8a\x5e\xb5\xbc\x7b\x17\xdf\x3c\x14\x04\
\xdd\x6e\x92\xb4\x13\xbc\xa8\x88\x12\xac\x3d\x67\x1f\x40\xd0\xbb\
\x43\xd0\x9e\x53\xa7\x4e\x6d\x9e\x90\xf0\x9d\xb6\xf4\x28\xe7\x2e\
\x4a\xc8\x51\x36\x3c\x5f\xf1\x8c\x3e\x5a\x92\x19\x2e\xdb\xdd\xac\
\xb2\x9b\x64\x9a\x31\x63\x46\x31\xf1\x83\x01\x97\x7b\x03\x40\x8b\
\xe4\xbe\x00\x7b\x4a\x11\x1d\x94\x4f\x51\xa0\x2e\x23\xd4\xe9\x5d\
\xc2\xfc\x39\x94\xb4\xcb\x67\x9f\x7d\x96\xa8\x8d\x1e\x32\x64\x88\
\xee\xc7\x35\xd6\x52\x18\xda\x2e\x7c\x43\xa2\xc3\x27\x51\xbe\x9a\
\xd1\x87\xee\x44\x3a\xd5\x92\x66\x61\x46\x76\x0b\x5a\x78\xf4\xf2\
\xe5\xcb\xd5\xbf\xd0\xb6\xaf\x70\xa4\xf8\x31\xbf\x46\xbe\xb7\xd5\
\x09\x4c\x51\x4d\x2d\x40\x89\xdd\xa1\x65\x5c\xd6\x24\x3e\xb2\x83\
\xae\x8f\x2d\xe7\x32\x02\x1b\x6f\x1d\xce\xd4\x26\x55\x1b\x5e\xa2\
\x78\xaa\x63\x35\x49\xb6\xcc\x17\x0f\x17\x99\x85\x17\x0a\x0c\x31\
\x6d\x4d\x4c\x68\x5a\x4b\xc4\x0b\x64\x7e\xfa\x70\x48\xda\x00\x84\
\x3c\x74\xe8\xd0\xc7\xb0\x6c\x1d\x09\xd3\x2d\xa0\x0a\xf2\x05\x3d\
\x74\xf2\x28\x09\x31\x84\x95\x32\x8d\xb5\x40\x86\xfe\x49\xb4\xcd\
\x4b\x33\x93\x33\x99\x20\x3f\x1e\x74\x4f\x27\xf3\x35\xa5\x7b\x9c\
\x03\xc5\xc4\xa5\x1f\x7e\xda\xd7\x67\xdb\x12\xef\x20\x4a\x5d\x14\
\x6a\x65\xfd\xf6\x82\xfa\x6b\xe9\x88\x5a\x03\xd0\x9b\x4e\xa5\xa2\
\xec\x0b\x40\x52\x9b\x73\x2a\xa5\xf7\x17\x80\x6e\xe0\xf8\x6f\xe2\
\xa3\xec\x36\x05\xfd\xff\xdd\x46\x0f\x37\x5a\x20\x87\xed\xcc\x7c\
\x9a\x21\xb2\xb7\xa7\x03\x3a\x9f\xcc\xf2\x36\x3a\x20\x33\xae\x84\
\xae\x9a\x18\xd7\x65\x5d\x97\xfe\x41\x5a\x5e\xc3\x3f\x1f\x67\x0a\
\xb2\xe4\x75\x63\xda\xef\x69\x26\x8f\xa3\x63\xad\x5f\x5f\xc9\x86\
\xa7\xea\x18\x40\x36\x14\xa4\x8f\x31\x84\x39\xd4\x0a\xb7\x02\x03\
\x78\x3e\x13\xa8\xdd\x6d\x0a\xde\x15\x28\x44\x77\x02\x68\x88\xa3\
\xd3\x2b\x04\x19\xdd\x95\xc6\x58\x87\x48\xe4\xb8\x1f\x23\xb0\x1e\
\xc9\x12\x29\x64\xdb\x05\x7f\x2a\x46\xf0\x12\x10\xdb\x10\x18\x6e\
\x9d\x46\xfa\x27\xa0\xa7\x53\x40\x2e\xc3\x2a\xfd\x0c\xec\x55\xe8\
\x2a\xd1\x71\x38\x64\xd7\x95\x7a\x81\x07\x76\x14\x67\x80\x25\xe8\
\xe8\x49\xe2\xa7\x20\xf3\x20\x40\xb3\x94\xfb\x21\xcf\x41\xe4\xe9\
\xa5\x6a\xea\x89\xab\xe3\x02\x0d\xa0\x0e\x46\xce\x0b\x93\x0e\xe9\
\xdd\xa6\x10\xbc\x1b\x82\xc3\xf0\xcf\x03\x34\x14\xb1\xdd\x1e\xde\
\x99\x5e\x7a\x6d\xb5\x93\x43\x32\xd2\x23\x46\xa0\x71\xae\x46\x2d\
\xae\xe9\x3a\x83\x28\x43\x78\x87\x8c\xbc\x0b\xb0\x5e\x65\x47\x0f\
\x7f\x0f\x4a\x7c\x2f\x70\xef\x43\x99\x9a\x87\x38\x1b\x1a\xae\x6e\
\x20\x32\x26\x1a\xfa\x8a\x11\xfc\xbf\x87\x6f\xbb\xf4\x4a\x87\x43\
\x54\xb0\x4e\x65\xae\xe1\x40\xf2\xa1\x19\x70\x18\xfc\xcf\xc6\xbf\
\x96\xfc\x99\x00\xe8\x06\x71\xe3\x01\x92\x48\x06\x80\x50\x81\x8e\
\xbe\xc3\x1f\x02\x23\x72\x02\xa9\x7e\xfe\x33\xe7\x35\xf6\x23\x1f\
\xa7\x8e\xd1\xd3\x11\x09\xb4\x03\xff\x72\x60\x06\x19\xbb\x05\x05\
\x2f\xa5\x74\xff\x99\xe7\x2a\x60\x2c\x70\x1b\xef\x0f\xe2\x3f\xcb\
\xb7\xe8\xfa\x19\x9d\xca\x8d\x5a\x05\xeb\x7c\xa2\x53\x33\x85\x1c\
\x46\x47\xc9\xd5\xef\x05\x1a\x71\xd0\x27\xaa\x18\x72\x27\xff\xe6\
\x0c\x1a\x34\x48\x97\x75\x18\xf1\xc3\x22\xbd\x18\x00\x7d\x07\x8d\
\x1e\xd4\x1c\x84\xf1\x51\xf8\x59\x28\xd9\x66\xd5\xc2\xb3\x02\x1f\
\xfd\x03\x90\xf4\x13\x6d\x78\xd1\x1d\x0a\x6e\x4f\xe9\xd6\x3a\x82\
\x2e\x99\x1a\x02\x85\xab\x78\xd7\xc5\xd7\x2e\xbd\x7b\xd0\xeb\x39\
\x65\xbe\x97\xc3\xa9\x18\x61\x27\xa8\xdb\x4e\x44\xbd\x4a\x75\xee\
\xd2\x29\x86\x94\xd9\x79\x31\x00\xb1\x40\xa9\xd6\xaa\x8f\x61\x8d\
\x97\x5a\x40\xfc\x30\x02\xdd\xe1\x73\xb1\x9e\xb7\x25\xf0\xdd\xea\
\x55\x7b\xc9\xfc\xcc\x77\xe8\xd0\x69\xe6\x31\xd4\x53\xc7\x3c\x34\
\x32\x4a\x84\x37\x03\x58\xbf\x7e\xbd\x6a\x80\x77\x4d\xcc\x51\xd6\
\x05\xba\x89\xc4\x84\x13\x25\x0e\x23\x98\x46\xc9\xd5\x82\x4c\xd2\
\x9b\x34\xa2\xb0\x4d\xe3\xc2\x77\x25\x70\x29\xed\x6c\x9d\x5e\x75\
\x3a\x32\xe6\x3f\xfa\x49\x3a\x09\xa5\x8e\x9b\x89\xc2\xaa\xea\xea\
\x6a\xdd\x81\x6c\xc2\x71\x8e\xf3\x66\x00\x74\x10\xbf\x82\xeb\x4a\
\xc0\xe4\x8a\x8a\x8b\x8b\xbd\x29\x4c\x8c\xe8\xf4\xcc\xc2\xb0\xa4\
\x34\x6f\x4a\x11\x5d\x0b\xdc\x4b\x1b\x7c\x26\xbc\x7f\x6f\xc1\x8b\
\x14\x0d\x4d\x5d\x01\x6b\x5b\xc3\x7f\x12\x5d\x6b\x1a\x37\x12\xed\
\x30\x64\x6f\x06\x40\xdb\xa5\x21\x9a\xee\xd1\x09\xe3\x95\x0d\xb7\
\xfe\xca\x48\x16\xd1\xd5\xa7\x14\xbe\x42\x6d\xa0\x95\x39\xb5\xeb\
\x85\x5c\x7e\x15\x6d\x1d\x94\xbd\x0c\x9e\x8b\x5d\xe5\x8b\x80\xe7\
\x72\x84\xec\x52\x6a\x8a\x13\x23\xd0\x34\xa2\x7a\x31\x00\x7a\xd5\
\x1a\xb6\x58\xdb\x77\xaa\xcc\xe7\x50\x9c\xe6\x0f\x8c\x42\xc5\x8d\
\xc4\x08\x9e\x02\x64\x04\x32\x06\x1d\x6b\x8f\x4b\x2a\x3f\x9d\x56\
\xe1\x2e\x13\x6d\x40\x46\x90\x1f\xef\xe5\x9d\x9a\x4c\x33\x7f\x81\
\x77\x05\xe7\x32\xa0\xa6\x98\x36\x71\xe2\x44\x2f\x6b\x04\x89\x0d\
\x40\x1b\x42\x10\x5c\x17\x41\xd9\xaa\xae\x35\xe0\xfd\x04\x30\xee\
\xf7\xcf\xfd\xd0\xb8\xcf\x64\xd2\xbd\x40\x57\x66\x04\xf5\x33\x35\
\x57\x40\x47\x3f\xbc\x14\xa5\xe6\x79\x1b\x63\xd5\x65\x8d\x3d\xf1\
\x0f\x80\xd6\x09\x40\xc1\x9b\x18\x0a\xc7\x3b\xf0\x73\xf9\x85\xb0\
\xb6\x35\x35\x35\x51\xe6\x43\x50\x41\xb0\x4b\x64\x00\xb4\x45\x5a\
\x4e\xd6\xda\x81\x71\x5b\xb4\x58\x93\xf1\xbd\x51\xa2\x71\x52\x42\
\x78\x3e\xa1\xac\xac\x6c\x19\x3c\xef\x06\xae\x00\x0e\x42\xb9\xba\
\x0d\xed\x50\x0c\x43\x35\xd6\xc5\xbc\x97\x0a\xe0\x79\xb1\xc2\xe8\
\x9f\x1c\xca\xfb\x6e\xe0\xb6\xa7\x7d\xbf\x06\x7f\x26\x7e\xec\x29\
\x70\xe8\x46\x76\xf0\x53\xbf\x42\xb7\x9f\xdb\xd2\x9e\xcd\xb0\x5a\
\x23\x21\x1b\x9e\x31\x3e\x91\x01\xb4\x6c\xd9\xf2\x06\xa8\xff\x3b\
\x60\x74\x28\xb5\x0a\xeb\x36\x5e\xa4\x60\x24\xe0\x29\x12\xe5\x7e\
\xce\xa4\xc9\x9b\x18\xc6\x6c\x32\x77\x1a\xef\xe3\x05\x7a\x56\x98\
\xe2\x78\xdf\xe6\x27\x8e\x29\x2c\x9a\xbe\xb6\x6d\xe7\xd2\xb4\xf3\
\xcd\xf4\xbd\xac\x3f\x2c\x65\x52\x5f\x6c\x03\x50\xbb\x8f\xa0\xc3\
\x4d\xc4\x33\x71\x0b\x76\xdf\x7d\xf7\xd2\xcc\xf3\x4e\xcf\x41\x03\
\x14\x96\xf5\xcc\x99\x68\x8f\x86\x4b\x6f\xff\x61\x6a\x62\xdd\x16\
\xea\x40\xb9\x3e\x4a\x2c\x03\xc0\xea\xf6\x25\xf3\x75\x31\xb2\xad\
\xdd\xff\x94\x6a\xb5\x7b\x9f\x3e\x7d\x6a\xea\xb3\xde\x19\x62\xd2\
\xc0\xb0\x61\xc3\x5e\xa5\xe6\x1c\x64\xc2\xc9\xc4\xb5\x6b\xd5\xaa\
\x95\x96\xcb\x33\xaf\xd1\xbc\x58\x06\x00\x0b\xcd\xfd\xdb\x7e\xd8\
\x08\xb4\xd4\x45\x54\xab\xb1\xe7\xa9\x45\x60\x47\x06\x9a\xa3\x5b\
\xf8\x7e\xed\x3e\xc2\x33\xba\x5e\xf4\x07\x34\x82\x30\x22\x05\x45\
\x46\x36\x00\xaa\xfe\xbe\x10\xb2\xed\x85\xd7\x72\x66\x05\x6d\x6b\
\xc1\x86\x4c\xc8\xb0\x43\xb8\xe6\xcd\x9b\x6b\x51\xca\xda\x11\xa5\
\xb6\x98\x82\x11\x18\x7f\xb1\x25\x48\x61\x91\x0d\x80\xaa\xdf\x3a\
\xde\x87\xd1\x5c\xa6\x86\x5d\xfa\x07\xa0\xee\x74\x26\x0d\x68\xcf\
\x26\x99\xab\xed\x7a\x9a\x69\x35\xa1\xee\x41\xbf\x41\xc3\x5d\x13\
\x4e\xbd\xb8\x48\x06\x50\x59\x59\xa9\x03\x99\xfb\xd6\xa3\x52\x37\
\x60\x35\x63\xd4\xee\x74\x4c\xbc\x6f\x32\xad\xcb\x66\xc7\x79\xa3\
\x29\xd0\x31\xb9\x91\xb6\x2f\xa6\x70\x76\xa3\x86\x6e\x6b\xc3\xcb\
\x8d\x8f\x64\x00\x58\xa2\x6e\xee\xcc\x4d\x5f\xef\x19\x2b\xec\x35\
\x62\xc4\x08\xdb\x9a\x40\xbd\x74\x3b\x03\xcc\x1a\xa0\x39\xbd\x11\
\x8c\x39\x80\xd1\x31\x4b\x78\x80\x11\x21\x2f\x32\xaa\x01\xd8\xee\
\xbb\x7b\x96\xde\xab\x6e\xab\xcc\x63\xb3\xf3\xd5\x93\x06\xd4\xd1\
\xfb\xcc\x44\x8b\x42\x5a\xb8\x1a\x00\xc6\xb6\xfd\x7f\xdf\xa3\x0a\
\xd2\xb6\x2d\x50\xfd\x38\xe8\x1d\x0a\xfc\x8d\x0e\xce\x4c\x7c\x9d\
\xc6\xf1\x43\xb8\x40\x54\x58\xa8\x39\x9c\x61\xf2\x3c\x64\x1d\x4f\
\x33\x58\xe2\x93\x0d\x99\xab\xdf\x42\xd8\xcd\x44\x93\x1a\x58\x3b\
\x97\x4d\x28\x75\xe2\x22\xd5\x00\x54\x2f\xd6\x73\x84\xb4\x43\x3a\
\xa0\x98\x78\xc9\x17\xe5\x15\xa1\xc8\x21\xd0\x7b\x19\x38\x86\x8f\
\xd7\x6e\xe5\x05\x18\xc2\xf3\x28\xf7\x3c\xde\x6d\x73\x10\x75\x3e\
\xb4\xd0\x2f\x64\x7c\x1b\xe4\xbd\x05\x1d\xbd\x0c\xaf\xe3\x91\x79\
\x20\xe3\xf3\x79\xbe\xf6\x3f\x40\x7b\x18\x34\xad\xfd\x80\x16\x2d\
\x5a\x2c\x84\xbf\xb3\x8b\x64\x00\xeb\xd6\xad\xfb\x87\x23\xe5\xd1\
\x08\x1c\x7b\x14\x80\xd2\x0e\x46\x79\xfa\x29\x5a\xad\x1c\xd6\xf9\
\x95\x4c\x32\x5e\x97\x23\x3f\x0a\xfd\x37\x00\x1f\x87\x4e\x1c\x3f\
\x29\x1c\x0d\x83\xec\x4b\xc6\x6b\x53\x8a\x76\xf2\xea\x38\x57\x16\
\xb9\x33\x13\x61\xaf\x10\xaf\xed\x66\xd9\xb0\xc8\x3e\xdf\x29\x5d\
\x8e\x76\x48\xf8\xc6\xc0\x81\x03\x37\x38\xe0\xd5\xa2\x44\x32\x00\
\x4a\xa5\x7e\x3d\xcb\xf5\xe7\xdf\x46\x21\x78\xe4\x9a\x80\x34\xdd\
\x51\xa6\x4a\x51\xd7\x5a\x29\x03\x1e\x28\x0d\x3a\x7d\xfc\x00\xca\
\x5d\x01\xdc\xe8\xe3\x34\x72\x00\x9b\xd0\x20\x6a\x22\xdd\x9b\x50\
\x86\xbc\x1f\x22\x8b\x7e\x0e\xf7\xeb\x21\xc8\xad\x89\x7f\x10\xfc\
\x58\x7b\x18\xf9\x36\x6d\x12\xd1\x6f\x22\x87\x90\xaf\x13\xac\x1f\
\x9d\xac\x13\x60\x7b\x89\x64\x00\x22\x56\x5d\x5d\xad\x1d\xab\x0b\
\xf4\xec\x00\xaa\x09\x9c\x8c\x00\xe3\x6a\x81\x32\xf5\x83\x55\x7f\
\x44\x61\xda\xd7\xef\x40\x3e\xa5\x09\x27\xfd\xa0\xd4\x08\x56\xf3\
\x96\xa0\xe4\xb9\xc0\x95\xd0\x72\x4e\x9f\x8a\xf0\x87\x7c\x9d\xa0\
\x3f\x19\x5f\xbf\x95\xf0\x57\xe4\xd4\xf1\x2a\xdb\xb0\x38\xcd\x81\
\x9a\xeb\x5a\xd2\x2d\x26\xbd\x96\xa8\xd3\x61\xa6\x7f\x8a\x03\x5f\
\xd5\xbe\x78\xe8\xd5\x06\x4f\x33\x52\xd0\xf9\x05\x1b\x5e\x9d\xf8\
\xc8\x06\x80\x72\x35\xbe\xd7\x16\x2c\xeb\x6a\x55\x86\x93\x8c\x40\
\x3b\x6f\x33\xaf\xf5\x3d\xda\xcf\x03\x33\x55\xbe\x76\xe9\xd6\x47\
\x70\x0c\x41\xc9\x27\x00\xb7\x43\xeb\x63\x4a\xce\x44\xc7\x64\x56\
\x34\x32\xad\x3f\x99\xa1\x1d\x40\x0b\xa1\xaf\x33\x10\x71\xaf\xa8\
\xeb\x48\xfa\x97\x91\xcd\x7a\x9c\x1d\x7e\x2a\x38\x2e\xd5\xbe\xe4\
\x7f\x8f\x5a\x53\x33\x86\x7a\x8e\x04\x91\x0d\x40\xd4\xb1\x34\xad\
\xeb\x9f\xcc\xb3\xeb\x26\x8b\xb1\x52\x22\xf8\xf5\x1c\x93\x4b\xdd\
\x10\x5e\xca\x75\xd9\x4e\x56\x2f\x7d\x48\x80\x8e\x6f\x27\x32\xa6\
\x2c\x5d\xfa\x23\xed\xc8\x34\x19\x93\x6d\x08\x9c\x4d\x62\xf3\x75\
\xe6\x6f\x26\xfa\x98\x42\x61\x6a\x11\x84\x4c\x5c\x7f\xc2\x5d\x33\
\xff\x7d\x6a\xbf\x93\x4b\x4b\x4b\x63\xdd\x9c\x1a\xcb\x00\x10\x2e\
\x25\x23\x40\x31\x9a\x18\x72\x32\x02\x70\x27\x66\x3e\x4c\xc9\x53\
\x3a\xfb\x8e\x95\x57\x30\x6c\xd1\x3e\x81\x36\xe9\x40\xbf\xff\x8a\
\xc9\x3c\xe3\xf5\x6d\x2e\xec\xe8\xc4\x79\x39\xcb\x90\xcf\x0b\x7d\
\xf4\x6d\xd9\xb2\xe5\x3c\x74\x52\xa7\x49\xe0\xbd\x3f\x71\x32\xb8\
\xfc\x24\x41\xef\xca\xfc\x93\xca\xca\xca\x9c\xf2\x20\x88\x40\x6c\
\x03\x10\x31\xa6\x28\xdf\x47\x58\x19\xc1\x3f\xf5\x6e\x03\x70\xd3\
\x46\x40\xc6\x77\x58\xbe\x7c\xb9\x8e\x72\x6b\x9f\x40\xc1\x86\x73\
\xb4\xd1\x2e\x9b\x2c\x8d\x62\x23\xb3\xb6\x6a\x1b\x71\xe2\x46\x22\
\xdf\x31\x14\x80\xc5\xe8\x23\x3d\x9a\x21\xf3\x07\xc2\x2f\x4a\xe6\
\x9f\x92\x24\xf3\x25\x77\x22\x03\x10\x01\x19\x01\xa5\x44\x27\x6a\
\x34\x0c\x52\x90\x11\x32\x1f\xa8\xfb\x08\xa2\x9c\x15\x5c\x03\x51\
\xfd\x76\xa0\xcb\x56\x29\x50\xb7\x3a\xe4\x32\xfe\xe0\xd4\x56\x2c\
\xf3\x7f\x9a\xa7\xa8\x06\xa0\x0d\xa4\xd6\x29\xdb\x2c\x57\x8c\x40\
\x1d\x56\x8d\x66\xe6\xa0\x1b\xd7\x5e\xfc\x07\x54\xfb\xca\x7c\xa7\
\x82\x97\xe5\x15\xe4\x27\x36\x00\x11\xd5\x9a\x3f\xca\xd6\x12\xb1\
\x6b\x55\x14\xa5\xca\x9f\x87\x62\x8e\xa4\xc9\xb9\x1d\xe8\xb5\x79\
\xf3\xe6\xbd\x51\x9a\xda\x47\xeb\xee\x59\xd2\x7d\x47\xf2\x25\x01\
\x68\x58\x0d\x00\x9c\x75\xf0\x98\x4c\x69\x96\x9c\xda\x40\xaa\xa3\
\xf5\xda\x26\x4f\xb0\x9b\xe3\x9b\xd4\xa7\x72\x41\x56\xe6\x9f\x4c\
\xc9\x4f\x9c\xf9\x62\xe6\xc5\x00\x44\x48\x46\x80\x55\x6a\xb3\xa5\
\xb7\xfb\x86\x50\xec\x24\x32\xbd\xab\x6a\x19\xf1\x10\x0c\x1f\x3e\
\x7c\xd5\xe0\xc1\x83\x87\x97\x94\x94\xe8\xd7\xce\x6c\x9b\x25\x34\
\x57\xa0\x64\x49\x40\x97\x66\x98\xd2\x8f\x60\xcd\x7e\x6f\xe4\xec\
\xc7\x3a\x48\xed\x44\x19\x32\x97\x93\xa9\x3a\xe3\x17\xab\x73\x16\
\xc2\x70\x25\x3a\x3e\xd5\x57\xe6\x8b\x87\x37\x03\x10\x31\x04\x5b\
\x86\x80\x3a\xb4\x60\xdd\xc0\x20\x7c\x03\xac\x25\xf3\xcf\x47\x89\
\x03\xc2\x70\x98\xf1\xd2\x2f\x97\x3d\x1a\x16\x9f\x09\x4f\xd4\x04\
\x30\xb9\xa4\x95\x35\xe3\xb5\xf4\xc8\x39\x19\x59\x02\x67\xdf\x30\
\x54\x1d\xe1\xd6\xe8\xc1\xb9\x49\xc8\xc8\x1d\xe4\x7d\x24\xdd\xa2\
\xe3\xb7\x82\x22\xe3\x86\x79\x35\x00\x09\x81\x80\x32\x02\x75\x0c\
\x63\x19\x01\x0a\x5d\xa4\xaa\x94\xcc\x77\xf9\x31\xa6\x37\xc5\xd3\
\x00\xfb\x57\x55\x55\xd5\x99\x4a\x36\xe0\xd6\x8b\xa2\xb9\xb1\xfd\
\x70\xd5\x6a\xe4\x34\xee\x22\xa6\x66\xf8\x88\xc9\xb3\xd3\x20\xae\
\x1d\xd4\xb6\x4d\x1d\xa0\x05\x3a\x65\xbe\x7a\xfb\x5e\x33\x5f\x9c\
\xbc\x1b\x80\x88\xc6\x35\x02\xaa\xcc\xdf\x6c\xd8\xb0\xa1\x0b\x55\
\xa9\xf1\x90\xa9\x78\x08\x30\x14\x9b\x01\xa4\x6a\x6a\x6a\x92\xf4\
\x03\x6c\x35\x88\x95\xbf\xe4\x64\xbc\xff\x15\x86\xa0\x85\x1c\x19\
\xc2\x2a\x85\x45\x80\x82\x65\xbe\x64\x28\x88\x01\x88\xb0\x8c\x80\
\x0c\xd5\x0d\x1d\xc6\xeb\x5e\x85\x0b\xe8\x5e\xe0\x73\xa9\x32\xaf\
\x41\x59\x2e\x5b\xa1\x49\x92\x4a\x51\xfa\x56\x50\x63\xa8\x03\x96\
\x7e\x0f\xfa\x87\x91\xc4\x1e\x0a\x22\xbf\xad\x0f\xb1\x24\x88\x67\
\x58\x18\x46\x30\x07\x83\x54\x93\xa0\xfb\x86\xc2\xd0\x72\xc3\x75\
\x23\xd9\x89\xe8\xd2\x7b\xc9\xcf\x32\x29\x98\x01\x88\x01\x19\xaa\
\xbb\x86\xb4\xbf\xfd\x42\x94\xa9\x05\x1e\x05\xe7\x82\x9a\x89\x3b\
\x69\xdb\x0e\x43\x39\xae\x4a\xc9\x4d\xaf\xb5\x80\x37\xea\x04\xd4\
\x7f\x89\x6d\x00\x90\x32\x36\x01\x18\x9f\x8d\x37\x24\xea\x3a\xed\
\x96\xe2\x5b\xcf\x45\x1f\xbd\x89\x31\xfd\xcc\xee\x50\xf0\xba\x00\
\xb6\x3d\x18\x90\x89\xef\x0a\x6a\x00\x59\xb1\xf8\x88\xe9\x18\xc3\
\xd1\xf8\x9a\xf4\xd1\xed\x1c\xc7\xa2\x80\x5d\x78\xd7\xb9\xbb\x2b\
\xb1\x70\x8d\xf3\xb3\xe8\x51\x7d\x5b\x35\x6c\xab\xc6\x4d\xfc\x8c\
\x69\x99\x23\xb0\xf1\x0e\xa5\x8d\x3e\xee\xe3\xfb\xbf\x8e\x1e\xb4\
\x3e\xd0\x1d\x63\xd2\xc2\x4f\x2f\x86\xd3\x9d\x18\xe1\xb4\x22\xce\
\x75\xd5\x35\x94\x87\x4b\x44\x83\x18\x40\xae\x20\x7c\xd8\xdb\x54\
\xdd\x2f\xa1\x00\xeb\x38\x3e\x37\x5d\xd8\x33\x8a\x33\x2e\x4a\x11\
\x6f\xab\xc6\x03\x49\x67\x3a\x8f\x1a\x6a\x06\xc6\x67\x02\x8d\xbc\
\x33\x38\x46\x0f\x3d\xbc\x82\x3e\x1e\x02\xc6\xf2\xfc\x00\xc3\xe9\
\x45\x61\xa3\x0a\x23\xa1\x98\x91\x0d\x6e\x00\x31\xe5\x0c\x4d\xe6\
\x50\x0a\x63\x35\x01\x9b\x36\x6d\x32\x96\x7e\x09\xb4\x7e\xfd\xfa\
\x82\xb5\xcd\xa2\xdf\x10\xd0\xe8\x0d\x80\x4e\x9e\xad\x1a\x36\xee\
\xa1\x0b\x53\x32\x35\xc7\xae\x61\x71\x99\xf0\xe5\x74\x58\xb5\x41\
\x26\xf3\x9a\xcc\xdb\x56\xa9\x1b\xbd\x01\x30\x6c\x7c\xcd\xa2\xbc\
\x12\x16\x5b\xb6\x44\x05\x68\x6a\x4b\x1a\x5e\xb0\xc3\x40\x74\x95\
\x7d\x70\x64\x23\x0a\x6d\xf4\x06\x40\x29\xac\x46\xdf\x91\x7b\xe3\
\xa4\x49\xe4\xe8\xbc\x59\x37\xc8\x26\x62\xd0\x40\x89\x1b\xbd\x01\
\x64\xf4\xd4\xe0\x99\x41\x0d\xd0\xe0\x3c\x33\xdf\xea\xd5\x6b\x2a\
\x06\x50\x89\x56\xb4\x55\x0d\xaf\x41\xdc\x52\x9a\x1e\xdb\x42\x54\
\x83\x08\x92\x94\x49\x93\x30\x00\x86\x96\x7f\x43\x11\x9a\x6a\xc5\
\x2b\xb8\xdb\x48\xc7\xf3\x47\x34\x3d\x8d\xbe\x03\x28\x4d\x35\x09\
\x03\xd0\x87\x60\x04\xda\x3d\x9b\xf8\x96\x6e\xd1\xb2\xc0\x4f\x59\
\xab\x78\xd5\x82\xd3\x68\xa2\x9b\x8c\x01\x48\xe3\x18\x81\xa6\x9c\
\xf5\xab\x59\x3e\xd7\xe0\x45\x5a\x30\x9f\x29\xeb\x0e\xf0\x98\xa6\
\x97\xa6\x02\x4d\xca\x00\x94\x29\xcc\xa6\xcd\x60\x19\x57\x2b\x80\
\xda\xbe\xad\x2d\x64\x5a\x6f\x50\x54\x1c\xd0\x6f\x2a\x4e\xa4\xc7\
\xff\x43\x32\xbe\x0b\x53\xd6\xde\x27\x7e\xe2\x08\xe5\x33\xcd\xff\
\x01\x00\x00\xff\xff\x3a\xab\xb3\x6b\x00\x00\x00\x06\x49\x44\x41\
\x54\x03\x00\x13\xbf\xd5\x39\x99\x86\x93\x60\x00\x00\x00\x00\x49\
\x45\x4e\x44\xae\x42\x60\x82\
\x00\x00\x00\xd5\
\x3c\
\x73\x76\x67\x20\x77\x69\x64\x74\x68\x3d\x22\x31\x32\x22\x20\x68\
\x65\x69\x67\x68\x74\x3d\x22\x31\x32\x22\x20\x76\x69\x65\x77\x42\
\x6f\x78\x3d\x22\x30\x20\x30\x20\x31\x32\x20\x31\x32\x22\x20\x66\
\x69\x6c\x6c\x3d\x22\x6e\x6f\x6e\x65\x22\x20\x78\x6d\x6c\x6e\x73\
\x3d\x22\x68\x74\x74\x70\x3a\x2f\x2f\x77\x77\x77\x2e\x77\x33\x2e\
\x6f\x72\x67\x2f\x32\x30\x30\x30\x2f\x73\x76\x67\x22\x3e\x0a\x3c\
\x70\x61\x74\x68\x20\x64\x3d\x22\x4d\x31\x30\x20\x33\x4c\x34\x2e\
\x35\x20\x38\x2e\x35\x4c\x32\x20\x36\x22\x20\x73\x74\x72\x6f\x6b\
\x65\x3d\x22\x77\x68\x69\x74\x65\x22\x20\x73\x74\x72\x6f\x6b\x65\
\x2d\x77\x69\x64\x74\x68\x3d\x22\x31\x2e\x35\x22\x20\x73\x74\x72\
\x6f\x6b\x65\x2d\x6c\x69\x6e\x65\x63\x61\x70\x3d\x22\x72\x6f\x75\
\x6e\x64\x22\x20\x73\x74\x72\x6f\x6b\x65\x2d\x6c\x69\x6e\x65\x6a\
\x6f\x69\x6e\x3d\x22\x72\x6f\x75\x6e\x64\x22\x2f\x3e\x0a\x3c\x2f\
\x73\x76\x67\x3e\
\x00\x00\x07\xa5\
\x89\
\x50\x4e\x47\x0d\x0a\x1a\x0a\x00\x00\x00\x0d\x49\x48\x44\x52\x00\
\x00\x00\x80\x00\x00\x00\x80\x08\x06\x00\x00\x00\xc3\x3e\x61\xcb\
\x00\x00\x00\x01\x73\x52\x47\x42\x00\xae\xce\x1c\xe9\x00\x00\x07\
\x5f\x49\x44\x41\x54\x78\x5e\xed\x9d\xbf\x6f\xd4\x48\x14\xc7\x9f\
\xad\x6b\xf9\x51\x73\x52\x76\xa9\xee\x1a\xe8\xe8\x40\x04\x5a\x90\
\xee\xfa\xe8\xa4\xbb\x92\x44\xfc\x01\xde\x34\xa4\x20\xfe\x03\x10\
\xa1\x3c\xa4\x53\xfa\x3b\x09\x5a\x58\x29\x74\x50\x91\xe6\xae\x4b\
\x82\x48\x4d\x42\x7b\x67\x9f\xde\x2e\x13\x26\x83\xed\x99\x59\x7b\
\xec\x99\x9d\xaf\xab\x6c\x76\x3c\x7e\xf3\xde\x67\xbe\xef\xcd\xd8\
\x4e\x12\xc2\x11\xb5\x07\x92\xa8\x47\x8f\xc1\x13\x00\x88\x1c\x02\
\x00\x00\x00\x22\xf7\x40\xe4\xc3\x87\x02\x00\x80\xc8\x3d\x10\xf9\
\xf0\xa1\x00\x00\x20\x72\x0f\x44\x3e\xfc\x68\x15\xe0\xf1\xe3\xa7\
\xbf\x72\xec\xd3\x94\x6e\x97\x25\xad\x12\xd1\xb8\x89\x85\x24\x29\
\xee\x64\xd9\xc3\xe9\xb2\xf1\xb2\xf4\x00\xe4\xf9\x93\xd5\xa2\x48\
\xc7\xf3\x40\x27\x63\xa2\x92\x03\xdd\x18\xec\xaa\x20\x03\x00\xcf\
\xd1\x17\x81\xe6\xe0\xa6\x29\x8d\x4c\x66\xb5\xcd\x90\x00\x80\x8d\
\xb7\x1c\xb6\xcd\xf3\x67\xe3\xa2\x28\x66\x92\xed\x22\xd0\x75\xa6\
\x03\x00\x87\x41\xad\xeb\xda\x36\x4f\xbb\x34\x11\x00\x38\xf4\x6e\
\x45\xa0\xf9\x6a\xd6\x79\xda\xa1\x89\x04\x00\x3a\xf0\xae\x5c\x90\
\x71\x77\x5d\xe7\xe9\x0e\x4c\xac\xed\x02\x00\x58\x78\x77\xa8\x3c\
\x6d\x61\xa2\x75\x53\x00\x50\xe3\x32\x9f\xf2\xb4\x75\x54\x2d\x4e\
\x88\x1e\x80\x58\x02\x8d\x55\x80\xe2\x81\x3c\x7f\xfa\x7b\x59\xd2\
\x6c\xd7\x2c\xe6\x23\x5a\x05\xd8\xde\xde\x79\x4d\x54\xf2\xba\x3b\
\xf2\x23\x99\x26\x49\x79\xe0\x9b\x13\x8a\x82\x0e\x65\x9b\xd2\xb4\
\x98\x12\x7d\x77\x90\x65\x0f\x8c\x6c\xd5\x6e\x05\x03\x00\xdf\x42\
\x6e\x64\xcf\x41\x59\xd2\xd6\xe6\xe6\xc6\x73\x5d\x6b\x00\xa0\xf3\
\x50\xc0\xdf\x27\x49\x7a\x55\xa7\x04\x00\x20\xe0\x00\xeb\x4c\xff\
\xa2\x02\x8f\x9a\xda\x01\x00\x9d\x17\x89\xe8\xd2\xa5\x0b\x74\xff\
\xfe\x5d\x83\x96\xc3\x36\x39\x3a\x3a\xa6\xbd\xbd\xb7\x92\x11\xc9\
\x74\x32\x59\xbf\x03\x00\x5a\xc6\x65\x65\xe5\x7b\x5a\x5b\xfb\xa9\
\x65\x2f\xee\x4f\x7f\xff\xfe\x6f\x7a\xf9\xf2\x15\x00\xe8\xda\xd5\
\xe1\x02\x40\x07\x93\xc9\xc6\x55\x28\x40\x4b\x22\x00\x40\xe4\xfb\
\x00\x00\x00\x00\x04\x5a\x03\x20\x05\xb4\x14\xff\xf9\xe9\x50\x00\
\x28\x00\x14\xa0\x93\xa9\x14\x68\x27\x50\x00\x28\x00\x14\x20\xd0\
\xc9\xdb\x89\xd9\x50\x00\x28\x00\x14\xa0\x93\xa9\x14\x68\x27\x50\
\x00\x28\x00\x14\x20\xd0\xc9\xdb\x89\xd9\x50\x00\x28\x00\x14\xa0\
\x93\xa9\x14\x68\x27\x50\x00\x28\x00\x14\x20\xd0\xc9\xdb\x89\xd9\
\x7d\x29\x80\x78\xa0\x83\xaf\xc7\x4f\x20\xf1\x93\x48\x36\xc7\xb7\
\x0f\x84\xe0\x66\x90\x8d\xff\x6a\xdb\xf6\x01\xc0\xd1\xd1\x47\xda\
\xdd\xfd\xeb\x9c\x0d\xf7\xee\xdd\xa5\xeb\xd7\x7f\x34\x1e\x03\x00\
\x30\x76\x95\x5d\x43\xd7\x00\x9c\x9c\x7c\xa6\x9d\x9d\x3f\x2a\x8d\
\xb2\x51\x03\x00\x60\x17\x57\xe3\xd6\xae\x01\x78\xf3\xe6\xad\xf2\
\x30\xe7\x79\xd3\x6e\xdd\xba\x41\x37\x6f\xde\xd0\xda\x0b\x00\xb4\
\x2e\x5a\xac\x81\x4b\x00\xaa\xa4\x5f\xb5\x92\xd3\x00\xa7\x03\xdd\
\x01\x00\x74\x1e\x5a\xf0\x7b\x97\x00\x70\xde\x67\x08\x9a\x8e\xf5\
\xf5\x5f\x8c\x0a\x42\x00\xb0\x60\x80\x75\xa7\xb9\x00\x80\xf3\x3e\
\x57\xf9\x9c\xfb\xf9\xe7\xba\xc3\x54\xfe\xf9\x7c\x00\xa0\x8b\xe4\
\x82\xdf\x77\x0d\x80\x28\xfa\x58\xda\xaf\x5d\xfb\x81\x5e\xbc\x78\
\x55\x09\x01\x03\xc2\xb3\xdf\xf4\x00\x00\xa6\x9e\xb2\x6c\xd7\x35\
\x00\x7c\x79\x7e\x81\x83\x03\xc6\x41\xe6\x02\xef\xc3\x87\xe3\xd9\
\x67\xf9\x30\x95\x7e\x71\x0e\x00\xb0\x0c\xac\x69\xf3\xae\x01\x10\
\x39\xff\xd3\xa7\xcf\xc4\x2b\x00\x56\x04\xbe\x06\xab\x81\xf8\xcc\
\x6f\x22\xf1\xef\x6c\x8e\xde\x00\xb0\xdd\xa1\x12\xf9\x4e\x0c\xa6\
\x2e\xe7\xc9\xfd\xaa\xe7\x98\x38\xa2\x29\x97\x9a\x9c\x5f\xd7\xa6\
\x4b\x00\xe4\xaa\x5f\xac\xf1\x39\xe8\x87\x87\x1f\x67\x20\xd8\x6e\
\xfe\xc8\x36\xf7\x06\x40\x96\xad\x1b\xfb\x93\x07\xc7\x87\xbc\x8e\
\xad\x2a\x7c\x64\xb9\x9b\x3b\xe4\xd8\x6a\xff\x5d\x57\x4c\x19\x1b\
\x5c\xd1\xb0\x2b\x00\xea\xd6\xfb\x5c\xe8\x5d\xbc\x78\x81\xf6\xf7\
\xff\xa1\x93\x93\x53\xab\xbc\x1f\x04\x00\xfc\xc6\xaa\x2c\x69\xaa\
\x23\xe4\x4a\x57\x14\x48\xb6\x4e\xf7\x19\x00\x9e\xf5\x7b\x7b\xef\
\x1a\x97\x7b\x36\xd5\x7e\x1d\xcc\xbd\x29\x00\x1b\x2b\x1f\x2b\x2b\
\x57\xce\xf2\x15\x1b\x71\x7a\xfa\x75\x59\xc3\x33\x99\x1d\xc0\xf2\
\xbe\xb6\xf6\xf3\xd9\x7a\x56\x04\x4c\xad\x74\xc5\xba\x98\x7f\xaf\
\xee\x83\x0b\x15\x61\x48\xf6\xf7\xcf\x17\x4c\xe7\x5f\x8b\x6e\x33\
\xdf\xbf\x3d\xd7\x16\x46\xb5\x07\x19\x4e\xee\x6b\x34\xba\x32\x53\
\x38\x79\xfd\x1f\x14\x00\xea\x00\xe5\xbc\xd5\xb4\xb1\x21\x0f\x52\
\xe4\xc2\xaa\xdf\xd5\x85\x4f\xa4\x9e\xa6\xbd\xf3\x6e\x43\x3f\xef\
\xad\x2d\x00\x79\xbe\x33\xeb\x47\x85\xbd\x6e\x12\x2c\x3a\x86\xde\
\x14\x60\x51\x00\xf8\x3c\x35\xd7\xcb\xb5\x81\x70\xd4\xb2\x02\x20\
\x83\x24\x43\xdc\xc5\xec\x67\x9f\x05\x01\x40\xdd\x60\x75\x37\x44\
\x78\x80\xa1\x2b\x80\xd8\xf8\xe1\xbf\xe4\xc1\xc1\x12\xab\x96\x45\
\x96\x7c\x55\x93\x24\x08\x00\xd8\x70\x75\xc0\xa6\x92\x1e\x32\x00\
\xa2\x06\x52\x6f\xfb\xda\xee\xf6\x35\xa5\x87\x60\x00\x50\xef\x6e\
\x99\xcc\xfe\xd0\x15\x80\xa1\x57\x57\x02\xec\x07\x4e\x81\xb6\xfb\
\x2a\x83\xaf\x02\xda\xd4\x00\x6a\x1d\xc0\x9f\x59\x01\x76\x77\xff\
\x6c\xbc\x29\x12\x32\x00\x62\xd5\xc2\x2b\x15\x91\x06\x6c\x77\xf9\
\x4c\x0a\xc3\x20\x14\x20\xc4\x1a\xc0\xc4\xf9\x4d\x6d\x4c\xef\xe7\
\xb7\xbd\x8e\xf7\x00\xa8\xf9\x8e\xa5\x5f\xb7\x43\x28\x3b\x65\xa8\
\x1a\xa0\x6a\x4f\xc2\x26\x58\xf2\x3e\x89\xcd\x79\xb6\x6d\xbd\x07\
\x40\x2e\xfe\xea\xf6\x01\xea\x6e\x8d\x86\x9c\x02\x6c\x03\xb9\x68\
\x7b\xaf\x01\x50\x37\x53\xe4\x4d\x10\x79\x87\xb0\xa9\x20\x1c\x4a\
\x01\xda\x6e\x04\x2d\x1a\x50\xdb\xf3\xbc\x05\xa0\x4a\xfa\xe5\xad\
\x5b\xb5\x2e\xa8\xdb\xd7\x07\x00\xcd\x48\x78\x0b\x40\xd5\xcd\x1e\
\x75\x28\xea\x0e\x61\xd5\xde\x3e\x00\xf0\x14\x00\x96\xc8\xcb\x97\
\xe7\x6f\xb1\x88\xfb\xda\xb2\xa9\xf2\x4d\x1d\x7e\x08\xa2\xea\x21\
\x48\x56\x89\xd1\xe8\xeb\x03\x10\xea\xd3\x31\xdc\x9f\xdc\x4f\xd5\
\xf7\xb6\x92\x69\xda\x1e\x29\x00\xef\x06\x5a\x3d\x9b\x60\x0a\x56\
\xd7\xed\x06\x4b\x01\x5d\x0f\xc4\xb7\xfe\xa0\x00\x50\x00\x28\x80\
\x6f\xb3\xb2\x4f\x7b\xa0\x00\x50\x00\x28\x40\x9f\x33\xce\xb7\x6b\
\x89\x67\xf7\x87\xb6\x4b\xf7\xaa\x38\x8a\xc0\xa1\x23\xe4\xf8\xfa\
\xba\xa7\xb1\x01\x80\xe3\x00\x0c\xdd\x3d\x00\x18\x3a\x02\x03\x5f\
\x1f\x00\x0c\x1c\x80\xa1\x2f\x0f\x00\x06\x8a\x00\x8a\x40\x2c\x03\
\xb1\x0c\x1c\x68\xf2\x79\x71\x59\x6c\x04\x41\x01\xa0\x00\x5e\x4c\
\xc5\x81\x8c\x80\x02\x40\x01\xa0\x00\x03\x4d\x3e\x2f\x2e\xdb\xf6\
\xa9\xe0\xae\x06\xa1\xfb\x5b\x81\xd8\x09\xec\xca\xd3\x9e\xf6\x83\
\x7d\x00\x4f\x03\xd3\x97\x59\x00\xa0\x2f\x4f\x7b\x7a\x1d\x00\xe0\
\x69\x60\xfa\x32\x0b\x00\xf4\xe5\x69\xe5\x3a\x5c\x04\xf2\xdf\xef\
\x1f\xfa\xd0\xbd\x50\x8a\x22\xd0\x51\x84\xb0\x0f\x80\x7d\x00\xec\
\x03\x38\x9a\x5c\x41\x74\x0b\x05\x80\x02\x40\x01\x82\x98\xaa\x8e\
\x8c\x84\x02\x40\x01\xa0\x00\x8e\x26\x57\x10\xdd\x42\x01\xa0\x00\
\x50\x80\x20\xa6\xaa\x23\x23\xa1\x00\x50\x00\x28\x80\xa3\xc9\x15\
\x44\xb7\xbe\x3c\x15\xac\x73\x96\xfa\x6f\x67\x92\x84\x9e\x67\xd9\
\xc6\x6f\x4d\xe7\x25\xba\x4e\xb7\xb7\x77\x5e\x53\xe4\x0a\xa0\xf3\
\x91\xaf\xdf\x97\x25\x6d\x6d\x6e\x6e\x3c\x02\x00\xbe\x46\xc8\xb1\
\x5d\x93\xc9\x86\x76\x82\x6b\x1b\x40\x01\x1c\x47\xc9\x49\xf7\xc9\
\x34\x49\xfe\xdb\xca\xb2\x87\x53\x5d\xf7\x00\x40\xe7\xa1\x2f\xdf\
\x73\x3e\x2d\x0a\x3a\x34\x6c\xde\x77\xb3\x03\x71\xc1\x34\x4d\xa7\
\x59\xf6\xe0\xec\xb3\xce\x10\x00\xa0\xf3\xd0\x19\x00\xe9\x55\x1b\
\xc7\x1a\x76\x3b\x78\x33\x00\x60\x18\x82\x24\x89\x14\x00\xf6\x4f\
\x9e\x3f\x59\x2d\x8a\x74\x4c\x44\xe3\x24\x49\x6e\x13\x95\xb3\x9f\
\x0d\x7d\xb7\x14\xcd\xa2\x06\xa0\x2a\x82\x79\xfe\x6c\x4c\xf4\xef\
\xb8\x28\xd2\xd5\x34\xa5\x51\x59\x26\xe3\x65\x06\x03\x00\x18\xce\
\x63\x19\x0c\x49\x2d\xf8\xec\xa0\x15\x03\x00\x18\x02\x50\xd7\x8c\
\xd3\x08\x7f\xc7\x8a\x11\x62\x1a\x01\x00\x2d\x01\x68\x02\x23\x84\
\xfa\x02\x00\x38\x02\x40\x57\x5f\xcc\xd5\x82\x8f\x61\x0b\x4f\x00\
\xd0\x23\x00\x3e\xa6\x11\x00\xe0\x01\x00\x43\xa6\x11\x00\xe0\x31\
\x00\x1a\x30\x3a\x59\xa6\x02\x80\x00\x01\x30\xab\x2f\x66\xb5\x85\
\x76\x99\x0a\x00\x96\x04\x80\x7a\xb5\xe0\x8d\xad\xfa\x63\x19\xef\
\x03\xf0\x68\xb5\xf7\x02\x96\x3c\xee\xd1\x0f\x0f\x00\x44\x8e\x00\
\x00\x00\x00\x91\x7b\x20\xf2\xe1\x43\x01\x00\x40\xe4\x1e\x88\x7c\
\xf8\x50\x00\x00\x10\xb9\x07\x22\x1f\x3e\x14\x20\x72\x00\xfe\x07\
\xc7\xb5\xe2\xdb\xfc\x4f\x10\x36\x00\x00\x00\x00\x49\x45\x4e\x44\
\xae\x42\x60\x82\
\x00\x00\x10\xbe\
\x00\
\x00\x01\x00\x01\x00\x20\x20\x00\x00\x01\x00\x20\x00\xa8\x10\x00\
\x00\x16\x00\x00\x00\x28\x00\x00\x00\x20\x00\x00\x00\x40\x00\x00\
\x00\x01\x00\x20\x00\x00\x00\x00\x00\x00\x10\x00\x00\x00\x00\x00\
\x00\x00\x00\x00\x00\x00\x00\x00\x00\x00\x00\x00\x00\x00\x00\x00\
\x00\x00\x00\x00\x00\x00\x00\x00\x00\x00\x00\x00\x00\x00\x00\x00\
\x00\x00\x00\x00\x00\x00\x00\x00\x00\x9a\xb0\x37\x00\x93\xb3\x3a\
\x00\x94\xb3\x39\x05\x94\xb3\x3a\x26\x94\xb3\x3a\x6f\x94\xb3\x3a\
\xbd\x95\xb3\x3b\xe1\x89\xaa\x2f\xf4\x63\x8c\x06\xfe\x5d\x87\x00\
\xff\x5f\x88\x02\xfb\x5f\x89\x02\xe7\x60\x89\x03\xc7\x64\x8d\x08\
\x82\x66\x8f\x0a\x2d\x70\x97\x14\x08\x46\x74\x00\x00\xa0\xbd\x45\
\x00\x00\x00\x00\x00\x00\x00\x00\x00\x00\x00\x00\x00\x00\x00\x00\
\x00\x00\x00\x00\x00\x00\x00\x00\x00\x00\x00\x00\x00\x00\x00\x00\
\x00\x00\x00\x00\x00\x00\x00\x00\x00\x00\x00\x00\x00\x00\x00\x00\
\x00\x00\x00\x00\x00\x94\xb3\x3a\x00\x94\xb3\x3a\x04\x94\xb3\x3a\
\x35\x94\xb3\x3a\x9f\x94\xb3\x3a\xde\x94\xb3\x3a\xf8\x94\xb3\x3a\
\xff\x91\xb0\x36\xff\x6f\x95\x13\xff\x5d\x87\x00\xff\x5d\x87\x00\
\xff\x5d\x87\x00\xff\x5d\x87\x00\xff\x5d\x87\x00\xff\x5e\x88\x01\
\xfb\x5e\x88\x01\xe3\x61\x8a\x04\xa9\x65\x8d\x08\x3d\x6f\x95\x12\
\x06\x6a\x91\x0d\x00\x00\x00\x00\x00\x00\x00\x00\x00\x00\x00\x00\
\x00\x00\x00\x00\x00\x00\x00\x00\x00\x00\x00\x00\x00\x00\x00\x00\
\x00\x00\x00\x00\x00\x00\x00\x00\x00\x00\x00\x00\x00\x94\xb2\x3a\
\x00\x94\xb5\x3a\x00\x94\xb3\x3a\x19\x94\xb3\x3a\x8c\x94\xb3\x3a\
\xe8\x94\xb3\x3a\xff\x94\xb3\x3a\xff\x94\xb3\x3a\xff\x93\xb2\x39\
\xff\x79\x9e\x1e\xff\x5e\x87\x01\xff\x5d\x87\x00\xff\x5d\x87\x00\
\xff\x5d\x87\x00\xff\x5d\x87\x00\xff\x5d\x87\x00\xff\x5d\x87\x00\
\xff\x5d\x87\x00\xff\x5d\x87\x00\xff\x5e\x88\x01\xed\x61\x8a\x04\
\x9b\x66\x8e\x09\x1f\x1b\x54\x00\x00\x7a\x9e\x1e\x00\x00\x00\x00\
\x00\x00\x00\x00\x00\x00\x00\x00\x00\x00\x00\x00\x00\x00\x00\x00\
\x00\x00\x00\x00\x00\x00\x00\x00\x00\x94\xb3\x3a\x00\x93\xb2\x3c\
\x00\x94\xb3\x3a\x32\x94\xb3\x3a\xc2\x94\xb3\x3a\xfc\x94\xb3\x3a\
\xff\x94\xb3\x3a\xff\x94\xb3\x3a\xff\x94\xb3\x3a\xff\x84\xa6\x29\
\xff\x61\x8a\x04\xff\x5d\x87\x00\xff\x5d\x87\x00\xff\x5d\x87\x00\
\xff\x5d\x87\x00\xff\x5d\x87\x00\xff\x5d\x87\x00\xff\x5d\x87\x00\
\xff\x5d\x87\x00\xff\x5d\x87\x00\xff\x5d\x87\x00\xff\x5d\x87\x00\
\xfd\x5f\x89\x02\xcd\x63\x8c\x07\x3f\xcd\xe6\x85\x00\x68\x90\x0c\
\x00\x00\x00\x00\x00\x00\x00\x00\x00\x00\x00\x00\x00\x00\x00\x00\
\x00\x00\x00\x00\x00\x94\xb4\x39\x00\x94\xb2\x3b\x00\x94\xb3\x3a\
\x3b\x94\xb3\x3a\xd4\x94\xb3\x3a\xff\x94\xb3\x3a\xff\x94\xb3\x3a\
\xff\x94\xb3\x3a\xff\x95\xb3\x3b\xff\x8b\xac\x31\xff\x66\x8e\x0a\
\xff\x5d\x87\x00\xff\x5d\x87\x00\xff\x5d\x87\x00\xff\x5d\x87\x00\
\xff\x5d\x87\x00\xff\x5d\x87\x00\xff\x5d\x87\x00\xff\x5d\x87\x00\
\xff\x5d\x87\x00\xff\x5d\x87\x00\xff\x5d\x87\x00\xff\x5d\x87\x00\
\xff\x5d\x87\x00\xff\x5f\x88\x02\xdf\x64\x8d\x07\x48\x00\x00\x00\
\x00\x69\x91\x0d\x00\x00\x00\x00\x00\x00\x00\x00\x00\x00\x00\x00\
\x00\x94\xb3\x3a\x00\x94\xb3\x3a\x00\x94\xb3\x3a\x31\x94\xb3\x3a\
\xd4\x94\xb3\x3a\xff\x94\xb3\x3a\xff\x94\xb3\x3a\xff\x94\xb3\x3a\
\xff\x94\xb3\x3a\xff\x91\xb1\x36\xff\x6f\x96\x13\xff\x5d\x87\x00\
\xff\x5d\x87\x00\xff\x5d\x87\x00\xff\x5d\x87\x00\xff\x5d\x87\x00\
\xff\x5d\x87\x00\xff\x5d\x87\x00\xff\x5d\x87\x00\xff\x5d\x87\x00\
\xff\x5d\x87\x00\xff\x5d\x87\x00\xff\x5d\x87\x00\xff\x5d\x87\x00\
\xff\x5d\x87\x00\xff\x5d\x87\x00\xff\x5f\x88\x02\xde\x63\x8c\x06\
\x3f\x57\x82\x00\x00\x70\x96\x13\x00\x00\x00\x00\x00\x00\x00\x00\
\x00\x94\xb3\x3a\x00\x94\xb3\x3a\x19\x94\xb3\x3a\xbf\x94\xb3\x3a\
\xff\x94\xb3\x3a\xff\x94\xb3\x3a\xff\x94\xb3\x3a\xff\x94\xb3\x3a\
\xff\x93\xb2\x39\xff\x79\x9b\x22\xff\x5c\x84\x04\xff\x5d\x87\x00\
\xff\x5d\x87\x00\xff\x5d\x87\x00\xff\x5d\x87\x00\xff\x5d\x87\x00\
\xff\x5d\x87\x00\xff\x5d\x87\x00\xff\x5d\x87\x00\xff\x5b\x83\x04\
\xff\x5b\x84\x04\xff\x5d\x87\x00\xff\x5d\x87\x00\xff\x5d\x87\x00\
\xff\x5d\x87\x00\xff\x5d\x87\x00\xff\x5d\x87\x00\xff\x5f\x89\x02\
\xcc\x66\x8e\x0a\x20\x63\x8c\x06\x00\x00\x00\x00\x00\x94\xb3\x39\
\x00\x93\xb2\x39\x03\x94\xb3\x3a\x83\x94\xb3\x3a\xfd\x94\xb3\x3a\
\xff\x94\xb3\x3a\xff\x94\xb3\x3a\xff\x94\xb3\x3a\xff\x94\xb4\x39\
\xff\x85\xa1\x3a\xff\x81\x8d\x6c\xff\x7e\x8b\x68\xff\x5e\x81\x10\
\xff\x5d\x88\x00\xff\x5d\x87\x00\xff\x5d\x87\x00\xff\x5d\x87\x00\
\xff\x5d\x87\x00\xff\x5d\x88\x00\xff\x5e\x82\x10\xff\x7d\x89\x68\
\xff\x7f\x8b\x69\xff\x5e\x81\x11\xff\x5d\x87\x00\xff\x5d\x87\x00\
\xff\x5d\x87\x00\xff\x5d\x87\x00\xff\x5d\x87\x00\xff\x5d\x87\x00\
\xff\x61\x8a\x04\x9b\x71\x97\x15\x06\x6c\x93\x10\x00\x94\xb3\x3a\
\x00\x94\xb3\x3a\x31\x94\xb3\x3a\xe7\x94\xb3\x3a\xff\x94\xb3\x3a\
\xff\x94\xb3\x3a\xff\x94\xb3\x3a\xff\x94\xb3\x3a\xff\x89\xa9\x32\
\xff\x6c\x83\x39\xff\x97\x98\x9c\xff\x97\x98\x9c\xff\x60\x76\x33\
\xff\x5a\x80\x08\xff\x5b\x80\x0a\xff\x5b\x80\x0a\xff\x5b\x80\x0a\
\xff\x5b\x80\x0a\xff\x5b\x80\x08\xff\x62\x7c\x2e\xff\x98\x99\x9c\
\xff\x97\x98\x9c\xff\x5f\x76\x32\xff\x5a\x84\x00\xff\x5d\x87\x00\
\xff\x5d\x87\x00\xff\x5d\x87\x00\xff\x5d\x87\x00\xff\x5d\x87\x00\
\xff\x5e\x88\x01\xec\x66\x8e\x09\x3e\x5f\x88\x02\x00\x94\xb3\x39\
\x05\x94\xb3\x3a\x92\x94\xb3\x3a\xff\x94\xb3\x3a\xff\x94\xb3\x3a\
\xff\x94\xb3\x3a\xff\x94\xb4\x3a\xff\x8d\xa9\x3d\xff\x8a\x95\x6f\
\xff\xaa\xae\xa5\xff\xb1\xb2\xb4\xff\xb1\xb1\xb3\xff\xab\xae\xa7\
\xff\xab\xb0\xa2\xff\xab\xb0\xa2\xff\xab\xb0\xa2\xff\xab\xb0\xa2\
\xff\xab\xb0\xa2\xff\xab\xb0\xa2\xff\xab\xaf\xa7\xff\xb1\xb1\xb3\
\xff\xb1\xb1\xb4\xff\xa7\xaa\xa3\xff\x74\x85\x51\xff\x5b\x83\x03\
\xff\x5d\x87\x00\xff\x5d\x87\x00\xff\x5d\x87\x00\xff\x5d\x87\x00\
\xff\x5d\x87\x00\xff\x61\x8a\x04\xaa\x70\x96\x13\x08\x94\xb3\x3a\
\x28\x94\xb3\x3a\xdf\x94\xb3\x3a\xff\x94\xb3\x3a\xff\x94\xb3\x3a\
\xff\x94\xb3\x3a\xff\x94\xb4\x39\xff\x88\x9f\x4b\xff\xc3\xc4\xc3\
\xff\xd8\xd8\xda\xff\xbd\xbd\xbf\xff\xce\xce\xcf\xff\xd6\xd6\xd7\
\xff\xbe\xbe\xc1\xff\xbd\xbd\xc0\xff\xbd\xbd\xc0\xff\xbd\xbd\xc0\
\xff\xbd\xbd\xc0\xff\xbd\xbd\xc0\xff\xbd\xbd\xc0\xff\xbd\xbe\xbf\
\xff\xbd\xbd\xbf\xff\xc3\xc3\xc6\xff\xb4\xb7\xb0\xff\x5d\x7f\x13\
\xff\x5d\x87\x00\xff\x5d\x87\x00\xff\x5d\x87\x00\xff\x5d\x87\x00\
\xff\x5d\x87\x00\xff\x5e\x88\x01\xe2\x66\x8e\x09\x2d\x94\xb3\x3a\
\x5d\x94\xb3\x3a\xf8\x94\xb3\x3a\xff\x94\xb3\x3a\xff\x94\xb3\x3a\
\xff\x94\xb3\x3a\xff\x94\xb4\x39\xff\x89\x9f\x4f\xff\xcc\xcc\xcc\
\xff\xcb\xcb\xcc\xff\xc2\xc2\xc4\xff\xd8\xd8\xd9\xff\xda\xda\xdb\
\xff\xd1\xd1\xd3\xff\xd1\xd2\xd3\xff\xd2\xd2\xd3\xff\xd2\xd2\xd3\
\xff\xd1\xd2\xd3\xff\xd1\xd1\xd2\xff\xd2\xd2\xd3\xff\xc2\xc2\xc3\
\xff\xb6\xb6\xb8\xff\xb3\xb3\xb6\xff\xb7\xb9\xb3\xff\x5e\x80\x17\
\xff\x5d\x87\x00\xff\x5d\x87\x00\xff\x5d\x87\x00\xff\x5d\x87\x00\
\xff\x5d\x87\x00\xff\x5e\x87\x01\xfb\x65\x8d\x08\x81\x94\xb3\x3a\
\xa6\x94\xb3\x3a\xff\x94\xb3\x3a\xff\x94\xb3\x3a\xff\x94\xb3\x3a\
\xff\x94\xb3\x3a\xff\x94\xb4\x39\xff\x8a\xa0\x50\xff\xbf\xc0\xc0\
\xff\x98\x99\x9b\xff\xc7\xc7\xc8\xff\xe0\xe0\xe1\xff\xde\xde\xdf\
\xff\xe0\xe0\xe0\xff\xd9\xd9\xda\xff\xd0\xd0\xd1\xff\xd0\xd0\xd1\
\xff\xd9\xd9\xda\xff\xe0\xe0\xe1\xff\xe1\xe0\xe1\xff\xb9\xb9\xbb\
\xff\x95\x96\x98\xff\xb6\xb7\xb9\xff\xb6\xb9\xb3\xff\x5e\x80\x16\
\xff\x5d\x87\x00\xff\x5d\x87\x00\xff\x5d\x87\x00\xff\x5d\x87\x00\
\xff\x5d\x87\x00\xff\x5d\x87\x00\xff\x60\x89\x03\xc8\x94\xb3\x3a\
\xe0\x94\xb3\x3a\xff\x94\xb3\x3a\xff\x94\xb3\x3a\xff\x94\xb3\x3a\
\xff\x94\xb3\x3a\xff\x94\xb4\x39\xff\x8b\xa0\x50\xff\xb7\xb8\xb8\
\xff\x91\x92\x96\xff\xc4\xc5\xc6\xff\xe0\xe0\xe1\xff\xde\xde\xdf\
\xff\xc0\xc1\xc2\xff\x9f\xa0\xa2\xff\x95\x96\x98\xff\x98\x98\x9a\
\xff\xa1\xa1\xa3\xff\xc0\xc0\xc2\xff\xde\xde\xdf\xff\xda\xda\xdb\
\xff\xd3\xd3\xd4\xff\xb9\xb9\xbb\xff\xb6\xb9\xb3\xff\x5e\x80\x16\
\xff\x5d\x87\x00\xff\x5d\x87\x00\xff\x5d\x87\x00\xff\x5d\x87\x00\
\xff\x5d\x87\x00\xff\x5d\x87\x00\xff\x5f\x89\x02\xe7\x94\xb3\x3a\
\xf4\x94\xb3\x3a\xff\x94\xb3\x3a\xff\x94\xb3\x3a\xff\x94\xb3\x3a\
\xff\x94\xb3\x3a\xff\x94\xb4\x39\xff\x8b\xa0\x50\xff\xba\xbb\xba\
\xff\x95\x96\x99\xff\xc5\xc5\xc7\xff\xe1\xe1\xe2\xff\xc6\xc6\xc8\
\xff\x8c\x8e\x90\xff\x86\x89\x94\xff\x69\x73\x9a\xff\x6a\x74\x9b\
\xff\x85\x89\x94\xff\x8b\x8c\x8f\xff\xc7\xc7\xc9\xff\xdf\xdf\xe0\
\xff\xdc\xdc\xdd\xff\xb9\xb9\xbb\xff\xb6\xb9\xb3\xff\x5e\x80\x16\
\xff\x5d\x87\x00\xff\x5d\x87\x00\xff\x5d\x87\x00\xff\x5d\x87\x00\
\xff\x5d\x87\x00\xff\x5d\x87\x00\xff\x5f\x88\x02\xfb\x94\xb3\x3a\
\xfe\x94\xb3\x3a\xff\x94\xb3\x3a\xff\x94\xb3\x3a\xff\x94\xb3\x3a\
\xff\x94\xb3\x3a\xff\x94\xb4\x39\xff\x8a\x9f\x4f\xff\xc8\xc9\xc9\
\xff\xbe\xbe\xc0\xff\xcb\xcb\xcd\xff\xdb\xdb\xdc\xff\xa0\xa1\xa3\
\xff\x95\x98\xa2\xff\x55\x69\xc0\xff\x45\x64\xe6\xff\x45\x64\xe6\
\xff\x52\x68\xbf\xff\x91\x94\x9d\xff\xa1\xa2\xa4\xff\xdb\xdb\xdc\
\xff\xdb\xdb\xdc\xff\xb8\xb9\xbb\xff\xb6\xb9\xb3\xff\x5e\x80\x16\
\xff\x5d\x87\x00\xff\x5d\x87\x00\xff\x5d\x87\x00\xff\x5d\x87\x00\
\xff\x5d\x87\x00\xff\x5d\x87\x00\xff\x5d\x87\x01\xff\x94\xb3\x3a\
\xfd\x94\xb3\x3a\xff\x94\xb3\x3a\xff\x94\xb3\x3a\xff\x94\xb3\x3a\
\xff\x94\xb3\x3a\xff\x94\xb4\x39\xff\x8a\x9f\x4f\xff\xcb\xcc\xcc\
\xff\xcc\xcc\xce\xff\xcd\xce\xcf\xff\xd4\xd4\xd5\xff\x8a\x8b\x8c\
\xff\x78\x7f\x9b\xff\x48\x66\xe3\xff\x46\x66\xed\xff\x46\x66\xed\
\xff\x47\x64\xdf\xff\x71\x77\x90\xff\x94\x95\x96\xff\xd5\xd5\xd7\
\xff\xdc\xdc\xdd\xff\xbf\xbf\xc1\xff\xb7\xba\xb4\xff\x5e\x80\x16\
\xff\x5d\x87\x00\xff\x5d\x87\x00\xff\x5d\x87\x00\xff\x5d\x87\x00\
\xff\x5d\x87\x00\xff\x5d\x87\x00\xff\x5e\x88\x01\xff\x94\xb3\x3a\
\xf4\x94\xb3\x3a\xff\x94\xb3\x3a\xff\x94\xb3\x3a\xff\x94\xb3\x3a\
\xff\x94\xb3\x3a\xff\x94\xb4\x39\xff\x8a\x9f\x4f\xff\xcb\xcc\xcc\
\xff\xcc\xcc\xcd\xff\xcd\xcd\xcf\xff\xd5\xd5\xd6\xff\x90\x91\x92\
\xff\x84\x8a\x9f\xff\x49\x65\xdb\xff\x45\x66\xee\xff\x45\x66\xee\
\xff\x49\x65\xda\xff\x7e\x83\x97\xff\x9b\x9b\x9d\xff\xd7\xd7\xd8\
\xff\xde\xde\xdf\xff\xdd\xdc\xde\xff\xbb\xbe\xb7\xff\x5e\x7f\x16\
\xff\x5d\x87\x00\xff\x5d\x87\x00\xff\x5d\x87\x00\xff\x5d\x87\x00\
\xff\x5d\x87\x00\xff\x5d\x87\x00\xff\x5f\x88\x02\xfa\x94\xb3\x3a\
\xdf\x94\xb3\x3a\xff\x94\xb3\x3a\xff\x94\xb3\x3a\xff\x94\xb3\x3a\
\xff\x94\xb3\x3a\xff\x94\xb4\x39\xff\x8a\x9f\x4f\xff\xc9\xca\xca\
\xff\xc3\xc4\xc5\xff\xcc\xcc\xcd\xff\xde\xde\xdf\xff\xaf\xaf\xb1\
\xff\x92\x94\x98\xff\x61\x6e\x9f\xff\x4d\x67\xd6\xff\x51\x6c\xdd\
\xff\x63\x6f\xa3\xff\x92\x94\x98\xff\xa8\xa9\xab\xff\xdd\xdd\xde\
\xff\xde\xde\xdf\xff\xe0\xe0\xe2\xff\xbb\xbe\xb8\xff\x5e\x7f\x16\
\xff\x5d\x87\x00\xff\x5d\x87\x00\xff\x5d\x87\x00\xff\x5d\x87\x00\
\xff\x5d\x87\x00\xff\x5d\x87\x00\xff\x5f\x88\x02\xe5\x94\xb3\x3a\
\xa1\x94\xb3\x3a\xff\x94\xb3\x3a\xff\x94\xb3\x3a\xff\x94\xb3\x3a\
\xff\x94\xb3\x3a\xff\x94\xb4\x39\xff\x8b\xa0\x50\xff\xbb\xbc\xbc\
\xff\x96\x97\x9a\xff\xc5\xc6\xc7\xff\xe0\xe0\xe1\xff\xd2\xd2\xd3\
\xff\x93\x95\x97\xff\x96\x97\x9b\xff\x88\x8c\x9b\xff\x90\x94\xa4\
\xff\x95\x97\x9a\xff\x94\x95\x97\xff\xd3\xd3\xd4\xff\xdf\xdf\xe0\
\xff\xdd\xdd\xde\xff\xc8\xc8\xca\xff\xb8\xbb\xb5\xff\x5e\x80\x16\
\xff\x5d\x87\x00\xff\x5d\x87\x00\xff\x5d\x87\x00\xff\x5d\x87\x00\
\xff\x5d\x87\x00\xff\x66\x8e\x09\xff\x78\x9d\x1d\xbf\x94\xb3\x3a\
\x5a\x94\xb3\x3a\xf7\x94\xb3\x3a\xff\x94\xb3\x3a\xff\x94\xb3\x3a\
\xff\x94\xb3\x3a\xff\x94\xb4\x39\xff\x8b\xa0\x50\xff\xb7\xb8\xb8\
\xff\x94\x95\x98\xff\xc5\xc5\xc7\xff\xe0\xe0\xe1\xff\xdf\xdf\xe0\
\xff\xd3\xd4\xd5\xff\xb7\xb8\xba\xff\x98\x99\x9b\xff\x98\x99\x9b\
\xff\xb7\xb8\xba\xff\xd4\xd4\xd5\xff\xdf\xdf\xe0\xff\xdb\xdb\xdc\
\xff\xd6\xd6\xd7\xff\xb8\xb8\xbb\xff\xb6\xb9\xb3\xff\x5e\x80\x16\
\xff\x5d\x87\x00\xff\x5d\x87\x00\xff\x5c\x87\x00\xff\x60\x89\x03\
\xff\x73\x99\x17\xff\x8b\xac\x31\xf8\x94\xb3\x3a\x6e\x94\xb3\x3a\
\x26\x94\xb3\x3a\xdd\x94\xb3\x3a\xff\x94\xb3\x3a\xff\x94\xb3\x3a\
\xff\x94\xb3\x3a\xff\x94\xb4\x39\xff\x8a\xa0\x50\xff\xbe\xbf\xbf\
\xff\x96\x97\x9a\xff\xc6\xc6\xc8\xff\xe0\xe0\xe1\xff\xdf\xdf\xe0\
\xff\xe0\xe0\xe1\xff\xe0\xe0\xe1\xff\xdb\xdb\xdc\xff\xdb\xdb\xdc\
\xff\xe0\xe0\xe1\xff\xe0\xe0\xe1\xff\xe1\xe1\xe2\xff\xba\xba\xbc\
\xff\xa0\xa1\xa3\xff\xb7\xb7\xb9\xff\xb6\xb9\xb3\xff\x5e\x80\x16\
\xff\x5d\x87\x00\xff\x5d\x87\x01\xff\x69\x91\x0d\xff\x84\xa6\x29\
\xff\x92\xb2\x38\xff\x95\xb3\x3b\xdd\x94\xb3\x3a\x26\x94\xb2\x39\
\x04\x94\xb3\x3a\x8b\x94\xb3\x3a\xff\x94\xb3\x3a\xff\x94\xb3\x3a\
\xff\x94\xb3\x3a\xff\x94\xb4\x39\xff\x89\x9f\x4e\xff\xca\xcb\xcb\
\xff\xd6\xd6\xd7\xff\xd8\xd8\xd9\xff\xd7\xd7\xd8\xff\xcb\xcb\xcd\
\xff\xcb\xcb\xcd\xff\xcb\xcb\xcd\xff\xcb\xcc\xcd\xff\xcb\xcc\xcd\
\xff\xcb\xcb\xcd\xff\xcb\xcb\xcd\xff\xcc\xcc\xcd\xff\xbe\xbf\xc0\
\xff\xb0\xb0\xb2\xff\xb3\xb4\xb6\xff\xb7\xba\xb4\xff\x5e\x7f\x16\
\xff\x62\x8b\x04\xff\x78\x9d\x1c\xff\x8f\xaf\x34\xff\x95\xb3\x3b\
\xff\x94\xb3\x3a\xff\x94\xb3\x3a\x9f\x95\xb2\x39\x05\x94\xb3\x3a\
\x00\x94\xb3\x3a\x2f\x94\xb3\x3a\xe5\x94\xb3\x3a\xff\x94\xb3\x3a\
\xff\x94\xb3\x3a\xff\x95\xb4\x39\xff\x89\xa1\x44\xff\xb1\xb4\xad\
\xff\xd7\xd7\xd9\xff\xd7\xd6\xd9\xff\xce\xce\xd1\xff\xc3\xc3\xc6\
\xff\xc4\xc4\xc6\xff\xc4\xc4\xc6\xff\xc4\xc4\xc6\xff\xc4\xc4\xc6\
\xff\xc4\xc4\xc6\xff\xc4\xc4\xc6\xff\xc4\xc4\xc6\xff\xc4\xc4\xc7\
\xff\xc5\xc5\xc7\xff\xc7\xc7\xca\xff\xa2\xa7\x99\xff\x6b\x8c\x1d\
\xff\x88\xaa\x2c\xff\x93\xb3\x39\xff\x94\xb3\x3a\xff\x94\xb3\x3a\
\xff\x94\xb3\x3a\xe7\x94\xb3\x3a\x35\x94\xb3\x3a\x00\x94\xb3\x39\
\x00\x94\xb3\x38\x02\x94\xb3\x3a\x7a\x94\xb3\x3a\xfc\x94\xb3\x3a\
\xff\x94\xb3\x3a\xff\x94\xb3\x3a\xff\x92\xb0\x3a\xff\x87\x9d\x4c\
\xff\x85\x94\x61\xff\x83\x92\x60\xff\x84\x93\x61\xff\x88\x96\x64\
\xff\x88\x96\x65\xff\x88\x96\x65\xff\x88\x96\x65\xff\x88\x96\x65\
\xff\x88\x96\x65\xff\x88\x96\x65\xff\x88\x96\x65\xff\x88\x96\x65\
\xff\x88\x96\x65\xff\x88\x97\x61\xff\x84\x9c\x44\xff\x8f\xaf\x37\
\xff\x95\xb4\x3b\xff\x94\xb3\x3a\xff\x94\xb3\x3a\xff\x94\xb3\x3a\
\xfe\x94\xb3\x3a\x8c\x94\xb3\x3a\x04\x94\xb3\x3a\x00\x00\x00\x00\
\x00\x94\xb3\x3a\x00\x94\xb3\x3a\x16\x94\xb3\x3a\xba\x94\xb3\x3a\
\xff\x94\xb3\x3a\xff\x94\xb3\x3a\xff\x94\xb3\x3a\xff\x94\xb3\x39\
\xff\x91\xb0\x38\xff\x90\xaf\x37\xff\x90\xaf\x37\xff\x91\xb0\x38\
\xff\x91\xb0\x38\xff\x91\xb0\x38\xff\x91\xb0\x38\xff\x91\xb0\x38\
\xff\x91\xb0\x38\xff\x91\xb0\x38\xff\x91\xb0\x38\xff\x91\xb0\x38\
\xff\x91\xb0\x38\xff\x92\xb0\x38\xff\x94\xb4\x39\xff\x94\xb3\x3a\
\xff\x94\xb3\x3a\xff\x94\xb3\x3a\xff\x94\xb3\x3a\xff\x94\xb3\x3a\
\xc1\x94\xb3\x3a\x19\x94\xb3\x3a\x00\x00\x00\x00\x00\x00\x00\x00\
\x00\x94\xb3\x3a\x00\x94\xb3\x3a\x00\x94\xb3\x3a\x2d\x94\xb3\x3a\
\xd0\x94\xb3\x3a\xff\x94\xb3\x3a\xff\x94\xb3\x3a\xff\x94\xb3\x3a\
\xff\x94\xb3\x3a\xff\x94\xb3\x3a\xff\x94\xb3\x3a\xff\x94\xb3\x3a\
\xff\x94\xb3\x3a\xff\x94\xb3\x3a\xff\x94\xb3\x3a\xff\x94\xb3\x3a\
\xff\x94\xb3\x3a\xff\x94\xb3\x3a\xff\x94\xb3\x3a\xff\x94\xb3\x3a\
\xff\x94\xb3\x3a\xff\x94\xb3\x3a\xff\x94\xb3\x3a\xff\x94\xb3\x3a\
\xff\x94\xb3\x3a\xff\x94\xb3\x3a\xff\x94\xb3\x3a\xd4\x94\xb3\x3a\
\x33\x95\xb4\x3a\x00\x94\xb3\x3a\x00\x00\x00\x00\x00\x00\x00\x00\
\x00\x00\x00\x00\x00\x94\xb4\x39\x00\x94\xb1\x3c\x00\x94\xb3\x3a\
\x36\x94\xb3\x3a\xd0\x94\xb3\x3a\xff\x94\xb3\x3a\xff\x94\xb3\x3a\
\xff\x94\xb3\x3a\xff\x94\xb3\x3a\xff\x94\xb3\x3a\xff\x94\xb3\x3a\
\xff\x94\xb3\x3a\xff\x94\xb3\x3a\xff\x94\xb3\x3a\xff\x94\xb3\x3a\
\xff\x94\xb3\x3a\xff\x94\xb3\x3a\xff\x94\xb3\x3a\xff\x94\xb3\x3a\
\xff\x94\xb3\x3a\xff\x94\xb3\x3a\xff\x94\xb3\x3a\xff\x94\xb3\x3a\
\xff\x94\xb3\x3a\xff\x94\xb3\x3a\xd4\x94\xb3\x3a\x3c\x91\xaf\x3e\
\x00\x94\xb4\x39\x00\x00\x00\x00\x00\x00\x00\x00\x00\x00\x00\x00\
\x00\x00\x00\x00\x00\x00\x00\x00\x00\x94\xb3\x39\x00\x94\xb0\x3c\
\x00\x94\xb3\x3a\x2c\x94\xb3\x3a\xba\x94\xb3\x3a\xfc\x94\xb3\x3a\
\xff\x94\xb3\x3a\xff\x94\xb3\x3a\xff\x94\xb3\x3a\xff\x94\xb3\x3a\
\xff\x94\xb3\x3a\xff\x94\xb3\x3a\xff\x94\xb3\x3a\xff\x94\xb3\x3a\
\xff\x94\xb3\x3a\xff\x94\xb3\x3a\xff\x94\xb3\x3a\xff\x94\xb3\x3a\
\xff\x94\xb3\x3a\xff\x94\xb3\x3a\xff\x94\xb3\x3a\xff\x94\xb3\x3a\
\xfd\x94\xb3\x3a\xbf\x94\xb3\x3a\x31\x93\xb5\x36\x00\x94\xb3\x39\
\x00\x00\x00\x00\x00\x00\x00\x00\x00\x00\x00\x00\x00\x00\x00\x00\
\x00\x00\x00\x00\x00\x00\x00\x00\x00\x00\x00\x00\x00\x95\xb3\x3b\
\x00\x93\xb3\x39\x00\x94\xb3\x3a\x15\x94\xb3\x3a\x79\x94\xb3\x3a\
\xe6\x94\xb3\x3a\xfe\x94\xb3\x3a\xff\x94\xb3\x3a\xff\x94\xb3\x3a\
\xff\x94\xb3\x3a\xff\x94\xb3\x3a\xff\x94\xb3\x3a\xff\x94\xb3\x3a\
\xff\x94\xb3\x3a\xff\x94\xb3\x3a\xff\x94\xb3\x3a\xff\x94\xb3\x3a\
\xff\x94\xb3\x3a\xff\x94\xb3\x3a\xff\x94\xb3\x3a\xe8\x94\xb3\x3a\
\x83\x94\xb3\x3a\x18\x93\xb3\x39\x00\x95\xb3\x3b\x00\x00\x00\x00\
\x00\x00\x00\x00\x00\x00\x00\x00\x00\x00\x00\x00\x00\x00\x00\x00\
\x00\x00\x00\x00\x00\x00\x00\x00\x00\x00\x00\x00\x00\x00\x00\x00\
\x00\x00\x00\x00\x00\x94\xb3\x39\x00\x94\xb3\x39\x04\x94\xb3\x3a\
\x2e\x94\xb3\x3a\x8b\x94\xb3\x3a\xdd\x94\xb3\x3a\xf8\x94\xb3\x3a\
\xff\x94\xb3\x3a\xff\x94\xb3\x3a\xff\x94\xb3\x3a\xff\x94\xb3\x3a\
\xff\x94\xb3\x3a\xff\x94\xb3\x3a\xff\x94\xb3\x3a\xff\x94\xb3\x3a\
\xf8\x94\xb3\x3a\xdf\x94\xb3\x3a\x92\x94\xb3\x3a\x31\x93\xb3\x39\
\x05\x94\xb3\x3a\x00\x00\x00\x00\x00\x00\x00\x00\x00\x00\x00\x00\
\x00\x00\x00\x00\x00\x00\x00\x00\x00\x00\x00\x00\x00\x00\x00\x00\
\x00\x00\x00\x00\x00\x00\x00\x00\x00\x00\x00\x00\x00\x00\x00\x00\
\x00\x00\x00\x00\x00\x00\x00\x00\x00\x00\x00\x00\x00\x94\xb3\x39\
\x00\x94\xb3\x39\x05\x94\xb3\x3a\x26\x94\xb3\x3a\x5a\x94\xb3\x3a\
\xa2\x94\xb3\x3a\xdf\x94\xb3\x3a\xf4\x94\xb3\x3a\xfd\x94\xb3\x3a\
\xfe\x94\xb3\x3a\xf5\x94\xb3\x3a\xe0\x94\xb3\x3a\xa6\x94\xb3\x3a\
\x5d\x94\xb3\x3a\x28\x94\xb3\x39\x06\x94\xb2\x39\x00\x00\x00\x00\
\x00\x00\x00\x00\x00\x00\x00\x00\x00\x00\x00\x00\x00\x00\x00\x00\
\x00\x00\x00\x00\x00\x00\x00\x00\x00\x00\x00\x00\x00\xff\x80\x01\
\xff\xfe\x00\x00\x7f\xfc\x00\x00\x3f\xf8\x00\x00\x0f\xf0\x00\x00\
\x0f\xe0\x00\x00\x07\xc0\x00\x00\x03\x80\x00\x00\x01\x80\x00\x00\
\x01\x00\x00\x00\x00\x00\x00\x00\x00\x00\x00\x00\x00\x00\x00\x00\
\x00\x00\x00\x00\x00\x00\x00\x00\x00\x00\x00\x00\x00\x00\x00\x00\
\x00\x00\x00\x00\x00\x00\x00\x00\x00\x00\x00\x00\x00\x00\x00\x00\
\x00\x00\x00\x00\x00\x00\x00\x00\x00\x80\x00\x00\x01\x80\x00\x00\
\x01\xc0\x00\x00\x03\xe0\x00\x00\x07\xf0\x00\x00\x0f\xf8\x00\x00\
\x0f\xfc\x00\x00\x3f\xfe\x00\x00\x7f\xff\x80\x01\xff\
"

qt_resource_name = b"\
\x00\x08\
\x0c\xa6\xc7\x95\
\x00\x72\
\x00\x65\x00\x73\x00\x6f\x00\x75\x00\x72\x00\x63\x00\x65\
\x00\x07\
\x0f\x36\x57\xa7\
\x00\x78\
\x00\x6c\x00\x73\x00\x2e\x00\x70\x00\x6e\x00\x67\
\x00\x08\
\x07\xc8\x58\x67\
\x00\x73\
\x00\x61\x00\x66\x00\x65\x00\x2e\x00\x70\x00\x6e\x00\x67\
\x00\x10\
\x00\x12\x0d\x47\
\x00\x73\
\x00\x70\x00\x69\x00\x6e\x00\x62\x00\x6f\x00\x78\x00\x5f\x00\x64\x00\x6f\x00\x77\x00\x6e\x00\x2e\x00\x73\x00\x76\x00\x67\
\x00\x0a\
\x05\xab\x46\x07\
\x00\x71\
\x00\x72\x00\x63\x00\x6f\x00\x64\x00\x65\x00\x2e\x00\x70\x00\x6e\x00\x67\
\x00\x0d\
\x0f\xb6\xca\x47\
\x00\x64\
\x00\x6f\x00\x77\x00\x6e\x00\x61\x00\x72\x00\x72\x00\x6f\x00\x77\x00\x2e\x00\x73\x00\x76\x00\x67\
\x00\x08\
\x0a\x61\x5a\xa7\
\x00\x69\
\x00\x63\x00\x6f\x00\x6e\x00\x2e\x00\x70\x00\x6e\x00\x67\
\x00\x0a\
\x06\x9a\xc9\xa7\
\x00\x65\
\x00\x78\x00\x70\x00\x6f\x00\x72\x00\x74\x00\x2e\x00\x70\x00\x6e\x00\x67\
\x00\x0a\
\x06\x99\x5f\xa7\
\x00\x69\
\x00\x6d\x00\x70\x00\x6f\x00\x72\x00\x74\x00\x2e\x00\x70\x00\x6e\x00\x67\
\x00\x0e\
\x08\xca\x69\x87\
\x00\x73\
\x00\x70\x00\x69\x00\x6e\x00\x62\x00\x6f\x00\x78\x00\x5f\x00\x75\x00\x70\x00\x2e\x00\x73\x00\x76\x00\x67\
\x00\x0c\
\x0b\xdf\x21\x47\
\x00\x73\
\x00\x65\x00\x74\x00\x74\x00\x69\x00\x6e\x00\x67\x00\x73\x00\x2e\x00\x70\x00\x6e\x00\x67\
\x00\x0b\
\x01\x64\x8d\x87\
\x00\x63\
\x00\x68\x00\x65\x00\x63\x00\x6b\x00\x65\x00\x64\x00\x2e\x00\x73\x00\x76\x00\x67\
\x00\x07\
\x0b\xf7\x57\xa7\
\x00\x74\
\x00\x78\x00\x74\x00\x2e\x00\x70\x00\x6e\x00\x67\
\x00\x08\
\x0a\x61\x42\x7f\
\x00\x69\
\x00\x63\x00\x6f\x00\x6e\x00\x2e\x00\x69\x00\x63\x00\x6f\
"

qt_resource_struct_v1 = b"\
\x00\x00\x00\x00\x00\x02\x00\x00\x00\x01\x00\x00\x00\x01\
\x00\x00\x00\x00\x00\x02\x00\x00\x00\x01\x00\x00\x00\x02\
\x00\x00\x00\x00\x00\x02\x00\x00\x00\x0d\x00\x00\x00\x03\
\x00\x00\x00\x40\x00\x00\x00\x00\x00\x01\x00\x00\x14\x1f\
\x00\x00\x01\x2a\x00\x00\x00\x00\x00\x01\x00\x00\x61\x69\
\x00\x00\x00\x66\x00\x00\x00\x00\x00\x01\x00\x00\x14\xef\
\x00\x00\x00\xd0\x00\x00\x00\x00\x00\x01\x00\x00\x3b\xad\
\x00\x00\x00\xb6\x00\x00\x00\x00\x00\x01\x00\x00\x36\x13\
\x00\x00\x00\x2a\x00\x00\x00\x00\x00\x01\x00\x00\x07\x9a\
\x00\x00\x00\xea\x00\x00\x00\x00\x00\x01\x00\x00\x41\x5d\
\x00\x00\x01\x5a\x00\x00\x00\x00\x00\x01\x00\x00\x69\xeb\
\x00\x00\x00\xa0\x00\x00\x00\x00\x00\x01\x00\x00\x1d\xb3\
\x00\x00\x01\x0c\x00\x00\x00\x00\x00\x01\x00\x00\x42\x2d\
\x00\x00\x01\x46\x00\x00\x00\x00\x00\x01\x00\x00\x62\x42\
\x00\x00\x00\x16\x00\x00\x00\x00\x00\x01\x00\x00\x00\x00\
\x00\x00\x00\x80\x00\x00\x00\x00\x00\x01\x00\x00\x1c\xdd\
"

qt_resource_struct_v2 = b"\
\x00\x00\x00\x00\x00\x02\x00\x00\x00\x01\x00\x00\x00\x01\
\x00\x00\x00\x00\x00\x00\x00\x00\
\x00\x00\x00\x00\x00\x02\x00\x00\x00\x01\x00\x00\x00\x02\
\x00\x00\x00\x00\x00\x00\x00\x00\
\x00\x00\x00\x00\x00\x02\x00\x00\x00\x0d\x00\x00\x00\x03\
\x00\x00\x00\x00\x00\x00\x00\x00\
\x00\x00\x00\x40\x00\x00\x00\x00\x00\x01\x00\x00\x14\x1f\
\x00\x00\x01\x99\x38\x0c\xac\x5b\
\x00\x00\x01\x2a\x00\x00\x00\x00\x00\x01\x00\x00\x61\x69\
\x00\x00\x01\x99\x38\x19\x3f\x1c\
\x00\x00\x00\x66\x00\x00\x00\x00\x00\x01\x00\x00\x14\xef\
\x00\x00\x01\x97\xd4\x3c\x31\x8b\
\x00\x00\x00\xd0\x00\x00\x00\x00\x00\x01\x00\x00\x3b\xad\
\x00\x00\x01\x99\x08\x54\x96\xed\
\x00\x00\x00\xb6\x00\x00\x00\x00\x00\x01\x00\x00\x36\x13\
\x00\x00\x01\x99\x08\x54\x78\xb6\
\x00\x00\x00\x2a\x00\x00\x00\x00\x00\x01\x00\x00\x07\x9a\
\x00\x00\x01\x97\xd4\x3c\x31\x8e\
\x00\x00\x00\xea\x00\x00\x00\x00\x00\x01\x00\x00\x41\x5d\
\x00\x00\x01\x99\x38\x0b\xf6\x85\
\x00\x00\x01\x5a\x00\x00\x00\x00\x00\x01\x00\x00\x69\xeb\
\x00\x00\x01\x97\xd4\x3c\x31\x82\
\x00\x00\x00\xa0\x00\x00\x00\x00\x00\x01\x00\x00\x1d\xb3\
\x00\x00\x01\x97\xd4\x3c\x31\x87\
\x00\x00\x01\x0c\x00\x00\x00\x00\x00\x01\x00\x00\x42\x2d\
\x00\x00\x01\x99\x08\x54\x14\x0b\
\x00\x00\x01\x46\x00\x00\x00\x00\x00\x01\x00\x00\x62\x42\
\x00\x00\x01\x97\xd4\x3c\x31\x93\
\x00\x00\x00\x16\x00\x00\x00\x00\x00\x01\x00\x00\x00\x00\
\x00\x00\x01\x99\x37\x74\x37\x6c\
\x00\x00\x00\x80\x00\x00\x00\x00\x00\x01\x00\x00\x1c\xdd\
\x00\x00\x01\x99\x38\x07\x7a\x0a\
"

qt_version = [int(v) for v in QtCore.qVersion().split('.')]
if qt_version < [5, 8, 0]:
    rcc_version = 1
    qt_resource_struct = qt_resource_struct_v1
else:
    rcc_version = 2
    qt_resource_struct = qt_resource_struct_v2

def qInitResources():
    QtCore.qRegisterResourceData(rcc_version, qt_resource_struct, qt_resource_name, qt_resource_data)

def qCleanupResources():
    QtCore.qUnregisterResourceData(rcc_version, qt_resource_struct, qt_resource_name, qt_resource_data)

qInitResources()
